46,-107,-103,-104,-107,-107,-104,-100,-103,-103,-103,-104
44,-106,-100,-102,-107,-108,-104,-100,-102,-104,-103,-103
46,-109,-101,-102,-107,-107,-103,-99,-102,-103,-101,-102
51,-111,-101,-103,-105,-106,-104,-99,-102,-101,-99,-102
58,-112,-100,-100,-105,-106,-102,-100,-103,-100,-100,-101
72,-115,-99,-99,-103,-104,-101,-101,-105,-101,-99,-100
93,-110,-105,-101,-104,-105,-103,-101,-104,-103,-101,-103
108,-109,-111,-100,-108,-104,-105,-100,-106,-103,-101,-105
116,-113,-112,-101,-109,-103,-105,-99,-107,-103,-102,-105
116,-115,-113,-102,-109,-103,-103,-100,-107,-103,-102,-106
114,-115,-112,-102,-109,-103,-102,-101,-107,-103,-103,-105
110,-116,-113,-102,-111,-104,-103,-103,-107,-104,-103,-106
110,-114,-111,-101,-111,-102,-102,-103,-106,-103,-102,-106
108,-114,-109,-101,-111,-102,-101,-103,-105,-103,-103,-106
107,-116,-107,-102,-111,-102,-102,-103,-105,-103,-104,-106
105,-116,-106,-101,-109,-101,-101,-104,-105,-103,-103,-106
102,-115,-107,-100,-109,-103,-101,-104,-106,-103,-102,-106
99,-113,-108,-101,-107,-105,-102,-104,-105,-104,-101,-107
91,-108,-108,-101,-104,-105,-103,-104,-104,-105,-101,-106
73,-103,-107,-99,-101,-107,-107,-104,-103,-106,-103,-104
73,-103,-105,-97,-103,-106,-107,-104,-102,-106,-103,-104
73,-105,-104,-96,-104,-106,-107,-103,-103,-106,-103,-104
75,-106,-104,-96,-103,-106,-106,-104,-103,-107,-103,-103
78,-107,-104,-96,-103,-106,-105,-104,-102,-106,-103,-104
80,-107,-105,-97,-103,-107,-104,-105,-101,-106,-103,-105
82,-107,-105,-96,-102,-106,-104,-105,-101,-105,-103,-105
87,-107,-106,-97,-102,-105,-105,-106,-102,-105,-102,-105
94,-108,-109,-100,-102,-104,-106,-104,-104,-104,-102,-105
99,-108,-109,-101,-103,-103,-106,-101,-104,-103,-102,-104
105,-110,-109,-100,-104,-101,-107,-101,-105,-104,-102,-104
110,-112,-109,-100,-105,-102,-106,-100,-107,-105,-101,-104
111,-114,-107,-99,-106,-102,-105,-100,-107,-104,-100,-106
111,-115,-105,-99,-107,-102,-104,-100,-106,-103,-100,-106
111,-116,-103,-99,-108,-102,-104,-101,-107,-103,-101,-107
112,-116,-102,-100,-108,-102,-103,-102,-106,-102,-101,-107
113,-117,-101,-100,-108,-102,-103,-103,-105,-101,-102,-107
113,-118,-100,-100,-109,-103,-103,-104,-104,-100,-102,-106
113,-118,-99,-100,-110,-103,-104,-105,-103,-100,-102,-106
111,-118,-98,-99,-111,-103,-103,-105,-103,-100,-102,-105
110,-117,-97,-99,-112,-103,-103,-106,-103,-100,-101,-104
107,-116,-98,-99,-111,-103,-104,-106,-103,-100,-101,-103
104,-114,-97,-98,-111,-103,-104,-107,-103,-100,-101,-104
99,-113,-95,-100,-111,-103,-104,-106,-103,-100,-101,-103
97,-113,-95,-98,-111,-102,-105,-105,-103,-100,-100,-103
98,-113,-96,-97,-112,-102,-104,-105,-103,-101,-101,-103
95,-112,-97,-96,-111,-103,-105,-105,-103,-100,-100,-103
87,-110,-98,-96,-110,-103,-106,-104,-105,-99,-100,-104
79,-112,-96,-95,-108,-102,-108,-102,-106,-101,-100,-105
80,-111,-95,-96,-109,-100,-110,-102,-107,-103,-100,-103
78,-108,-95,-97,-107,-101,-110,-102,-105,-104,-99,-103
77,-107,-96,-98,-107,-104,-109,-101,-105,-104,-100,-102
75,-105,-96,-97,-107,-105,-108,-99,-105,-106,-102,-101
74,-103,-100,-97,-106,-105,-108,-101,-104,-105,-99,-103
75,-101,-101,-98,-104,-105,-107,-103,-104,-104,-99,-102
74,-102,-102,-98,-103,-106,-107,-103,-103,-104,-100,-101
82,-104,-102,-97,-106,-105,-106,-103,-103,-103,-99,-102
88,-104,-102,-99,-106,-105,-107,-101,-102,-103,-100,-103
87,-102,-101,-103,-103,-106,-107,-99,-102,-103,-100,-104
84,-100,-102,-107,-101,-104,-107,-101,-100,-103,-102,-102
83,-98,-103,-108,-101,-103,-107,-102,-101,-103,-102,-102
79,-99,-103,-106,-102,-101,-108,-102,-99,-102,-103,-103
78,-97,-102,-107,-103,-101,-108,-104,-98,-102,-103,-103
78,-97,-102,-108,-104,-101,-107,-104,-100,-101,-102,-104
78,-97,-102,-107,-104,-100,-107,-104,-99,-101,-102,-104
79,-98,-102,-108,-104,-101,-106,-104,-100,-102,-101,-104
79,-96,-103,-109,-103,-100,-106,-104,-101,-101,-101,-105
77,-96,-102,-109,-103,-99,-107,-103,-102,-100,-101,-105
79,-97,-103,-109,-104,-99,-106,-104,-102,-100,-102,-105
80,-97,-104,-109,-103,-99,-106,-104,-102,-100,-101,-105
79,-96,-104,-109,-103,-99,-106,-104,-101,-101,-101,-105
77,-97,-102,-109,-103,-99,-106,-104,-102,-100,-101,-104
82,-96,-104,-110,-103,-100,-105,-104,-102,-100,-101,-104
83,-96,-103,-110,-102,-100,-104,-105,-102,-100,-100,-105
82,-97,-105,-110,-103,-100,-104,-106,-103,-100,-100,-105
83,-97,-104,-109,-103,-100,-104,-106,-102,-100,-100,-105
86,-98,-104,-110,-103,-100,-104,-105,-102,-100,-100,-105
90,-99,-106,-109,-104,-99,-106,-105,-103,-100,-101,-104
93,-101,-107,-109,-104,-99,-106,-104,-103,-101,-101,-105
96,-102,-107,-110,-104,-99,-107,-104,-102,-101,-101,-105
96,-105,-105,-112,-103,-100,-106,-104,-101,-101,-100,-104
93,-106,-105,-113,-103,-101,-106,-105,-102,-101,-101,-105
88,-104,-104,-113,-103,-101,-107,-104,-101,-100,-100,-106
81,-103,-105,-112,-102,-101,-107,-104,-101,-99,-100,-106
76,-103,-104,-110,-103,-102,-106,-105,-100,-100,-102,-105
83,-107,-105,-110,-103,-101,-106,-103,-100,-102,-103,-104
77,-108,-105,-109,-103,-101,-105,-103,-98,-101,-103,-105
66,-108,-105,-107,-101,-102,-105,-102,-98,-101,-104,-106
60,-110,-103,-105,-101,-103,-104,-102,-101,-104,-105,-105
54,-110,-102,-105,-103,-104,-104,-102,-103,-103,-102,-104
55,-111,-103,-105,-105,-103,-102,-102,-104,-102,-103,-104
54,-111,-103,-105,-105,-103,-102,-103,-102,-101,-103,-104
51,-110,-102,-104,-104,-103,-102,-103,-102,-101,-104,-104
48,-109,-101,-106,-103,-103,-102,-102,-102,-102,-104,-105
47,-109,-100,-105,-104,-104,-103,-102,-103,-101,-103,-104
49,-110,-100,-104,-104,-104,-103,-103,-102,-100,-103,-102
49,-109,-102,-106,-104,-103,-102,-102,-100,-99,-101,-101
50,-108,-102,-107,-104,-103,-103,-103,-101,-99,-102,-103
48,-108,-101,-105,-104,-103,-103,-104,-102,-100,-103,-104
49,-108,-102,-105,-104,-104,-103,-103,-103,-101,-103,-104
50,-110,-102,-105,-104,-104,-103,-102,-100,-100,-103,-103
53,-108,-101,-106,-103,-106,-106,-102,-101,-100,-103,-104
53,-107,-103,-106,-101,-104,-105,-102,-102,-100,-104,-106
50,-109,-105,-106,-102,-102,-103,-102,-102,-101,-104,-103
48,-110,-104,-107,-102,-102,-102,-103,-102,-103,-104,-103
49,-110,-104,-107,-100,-102,-101,-102,-102,-103,-103,-102
51,-110,-104,-107,-102,-103,-102,-103,-102,-103,-103,-101
54,-110,-103,-106,-103,-104,-102,-102,-102,-103,-104,-104
53,-111,-101,-105,-104,-105,-103,-101,-101,-102,-104,-105
52,-110,-102,-105,-103,-106,-104,-101,-100,-101,-104,-105
51,-109,-104,-107,-103,-105,-104,-101,-100,-101,-102,-104
52,-108,-104,-106,-102,-104,-104,-101,-102,-101,-103,-103
49,-110,-104,-104,-101,-104,-103,-100,-102,-102,-103,-101
48,-110,-104,-106,-102,-105,-104,-100,-101,-101,-104,-103
49,-108,-104,-106,-103,-105,-104,-100,-100,-99,-102,-103
48,-108,-105,-107,-102,-105,-103,-98,-100,-100,-101,-103
46,-109,-106,-107,-101,-105,-103,-100,-102,-101,-103,-104
44,-110,-103,-106,-100,-104,-104,-103,-103,-101,-102,-104
47,-107,-102,-104,-100,-103,-104,-102,-102,-101,-102,-103
49,-105,-101,-104,-101,-104,-105,-102,-100,-101,-102,-102
48,-107,-101,-103,-101,-103,-105,-102,-101,-101,-101,-102
47,-107,-101,-102,-102,-104,-105,-102,-102,-103,-102,-101
45,-107,-100,-103,-102,-104,-105,-103,-101,-102,-103,-103
42,-109,-102,-103,-103,-106,-104,-103,-101,-100,-101,-102
43,-108,-102,-105,-105,-106,-102,-102,-103,-101,-99,-101
43,-108,-104,-105,-102,-104,-104,-103,-102,-103,-101,-101
42,-108,-104,-106,-102,-105,-105,-103,-102,-103,-103,-102
43,-108,-103,-105,-101,-105,-106,-101,-101,-103,-102,-102
41,-108,-102,-104,-101,-104,-106,-102,-99,-103,-104,-102
40,-110,-102,-102,-102,-104,-104,-103,-101,-103,-103,-102
40,-110,-102,-104,-103,-105,-103,-103,-102,-103,-101,-100
40,-110,-102,-103,-103,-106,-105,-102,-104,-104,-103,-100
38,-109,-103,-103,-103,-106,-106,-102,-103,-102,-101,-100
38,-110,-103,-105,-103,-104,-105,-102,-102,-101,-100,-100
40,-110,-102,-105,-103,-104,-104,-102,-102,-102,-100,-103
39,-110,-102,-104,-102,-104,-103,-102,-101,-102,-101,-101
40,-109,-101,-103,-103,-102,-103,-102,-102,-103,-101,-101
43,-108,-102,-105,-104,-103,-105,-102,-103,-102,-100,-102
39,-110,-104,-106,-105,-105,-105,-101,-103,-104,-100,-102
38,-111,-102,-102,-104,-105,-105,-102,-104,-103,-101,-102
45,-111,-100,-103,-103,-105,-103,-102,-103,-104,-102,-101
43,-112,-100,-103,-102,-103,-102,-102,-103,-105,-102,-101
40,-110,-101,-101,-102,-103,-104,-103,-104,-105,-101,-102
43,-113,-96,-102,-103,-104,-106,-102,-103,-103,-100,-102
55,-111,-90,-102,-105,-106,-109,-104,-106,-104,-100,-104
63,-108,-89,-100,-107,-105,-108,-104,-106,-104,-101,-104
76,-112,-87,-103,-106,-103,-108,-107,-103,-103,-101,-104
90,-116,-87,-103,-108,-103,-108,-108,-104,-103,-100,-105
97,-119,-88,-102,-109,-102,-107,-106,-104,-103,-99,-103
99,-119,-89,-102,-110,-103,-108,-107,-103,-102,-100,-104
101,-119,-89,-101,-109,-103,-108,-108,-102,-102,-100,-104
102,-119,-90,-101,-110,-103,-108,-108,-102,-102,-101,-104
102,-119,-91,-100,-110,-104,-106,-108,-103,-101,-100,-104
99,-118,-92,-99,-109,-105,-106,-109,-103,-100,-100,-104
96,-117,-93,-99,-109,-104,-105,-109,-103,-100,-100,-105
93,-115,-94,-97,-109,-105,-106,-108,-104,-100,-99,-104
90,-113,-95,-98,-108,-105,-105,-107,-104,-100,-100,-105
86,-112,-96,-99,-108,-105,-105,-106,-105,-101,-100,-105
82,-111,-96,-98,-107,-105,-105,-105,-105,-101,-99,-106
78,-109,-96,-98,-107,-105,-103,-104,-105,-102,-98,-106
73,-110,-96,-99,-107,-106,-104,-105,-105,-102,-98,-107
70,-110,-96,-99,-106,-106,-104,-105,-104,-101,-100,-107
66,-109,-96,-99,-105,-106,-103,-104,-104,-102,-100,-106
66,-108,-96,-100,-104,-107,-102,-104,-103,-102,-101,-106
64,-108,-95,-99,-104,-108,-102,-103,-102,-103,-101,-106
61,-109,-97,-99,-104,-107,-102,-102,-103,-103,-103,-107
59,-108,-96,-99,-103,-106,-102,-102,-105,-103,-103,-106
57,-106,-96,-100,-103,-106,-103,-104,-106,-103,-101,-106
56,-104,-96,-99,-105,-107,-103,-103,-106,-103,-101,-106
54,-104,-96,-100,-106,-107,-103,-101,-105,-103,-101,-107
54,-105,-96,-99,-105,-107,-103,-102,-104,-103,-101,-106
53,-106,-96,-100,-105,-105,-102,-102,-104,-102,-101,-107
59,-108,-95,-99,-104,-106,-104,-103,-105,-100,-100,-106
74,-110,-100,-100,-105,-106,-105,-103,-106,-101,-100,-106
94,-112,-102,-101,-107,-107,-104,-102,-106,-100,-100,-107
107,-114,-103,-102,-108,-107,-103,-101,-106,-100,-101,-107
113,-116,-104,-104,-109,-107,-103,-101,-105,-101,-102,-108
116,-118,-105,-104,-108,-106,-102,-101,-106,-101,-102,-107
118,-119,-106,-104,-107,-105,-101,-101,-106,-103,-102,-107
119,-119,-107,-104,-107,-105,-101,-102,-106,-103,-102,-107
119,-119,-107,-104,-107,-105,-101,-102,-106,-103,-102,-106
118,-119,-107,-105,-107,-106,-101,-102,-107,-103,-102,-107
117,-118,-106,-105,-107,-106,-101,-101,-107,-102,-102,-107
117,-117,-105,-104,-107,-107,-102,-101,-106,-102,-101,-108
114,-115,-104,-103,-106,-108,-104,-101,-106,-101,-100,-107
104,-114,-103,-102,-106,-108,-105,-102,-106,-101,-99,-108
84,-110,-101,-100,-105,-108,-105,-101,-106,-102,-99,-107
62,-103,-98,-100,-105,-106,-103,-100,-106,-104,-102,-106
57,-103,-98,-102,-105,-105,-103,-101,-105,-104,-104,-106
55,-102,-97,-101,-106,-105,-102,-102,-104,-104,-103,-105
56,-100,-97,-100,-105,-105,-102,-103,-104,-103,-101,-105
55,-101,-97,-99,-104,-104,-103,-103,-104,-104,-102,-105
53,-99,-96,-99,-105,-106,-104,-102,-103,-103,-102,-105
52,-98,-95,-100,-106,-104,-105,-105,-102,-102,-101,-104
52,-100,-96,-100,-104,-104,-105,-105,-104,-101,-102,-105
53,-101,-97,-99,-101,-103,-104,-104,-105,-101,-103,-104
55,-103,-95,-99,-102,-103,-104,-104,-103,-103,-104,-103
57,-104,-94,-101,-103,-104,-103,-103,-103,-103,-103,-104
64,-106,-96,-100,-103,-105,-104,-104,-104,-102,-101,-105
77,-108,-97,-99,-105,-106,-105,-103,-106,-102,-97,-106
88,-110,-98,-100,-104,-107,-106,-103,-105,-102,-96,-106
91,-111,-98,-100,-103,-107,-106,-104,-104,-103,-96,-105
77,-109,-97,-100,-103,-107,-106,-104,-104,-104,-97,-106
56,-104,-96,-100,-103,-105,-103,-101,-104,-103,-103,-103
50,-105,-97,-101,-103,-103,-103,-101,-104,-102,-103,-104
50,-106,-96,-101,-101,-103,-104,-102,-105,-102,-103,-103
48,-106,-98,-102,-103,-103,-103,-101,-104,-102,-102,-102
46,-109,-99,-103,-104,-103,-102,-101,-101,-101,-102,-101
41,-110,-100,-103,-104,-104,-104,-103,-101,-100,-101,-101
40,-109,-101,-104,-104,-105,-104,-103,-101,-101,-101,-102
40,-109,-100,-102,-104,-106,-104,-102,-103,-101,-101,-101
41,-110,-101,-104,-102,-105,-104,-101,-102,-99,-100,-101
41,-111,-101,-103,-102,-104,-103,-102,-102,-102,-101,-100
43,-112,-100,-102,-104,-104,-103,-101,-102,-103,-101,-100
47,-113,-103,-100,-105,-105,-102,-100,-102,-103,-100,-101
52,-110,-101,-97,-103,-105,-100,-100,-104,-102,-102,-102
68,-106,-101,-94,-106,-105,-104,-107,-103,-103,-98,-104
79,-106,-102,-94,-107,-105,-105,-107,-103,-105,-96,-104
82,-109,-101,-96,-107,-107,-106,-106,-103,-106,-95,-106
83,-110,-98,-98,-105,-108,-106,-105,-103,-106,-95,-106
82,-112,-98,-99,-104,-109,-106,-105,-105,-104,-97,-107
98,-115,-100,-100,-108,-108,-105,-103,-105,-102,-99,-106
106,-117,-101,-102,-110,-108,-105,-103,-104,-101,-99,-107
109,-119,-100,-102,-110,-107,-103,-104,-103,-101,-100,-106
109,-118,-99,-102,-110,-106,-103,-105,-102,-101,-100,-106
109,-119,-99,-102,-110,-105,-103,-105,-102,-101,-101,-105
108,-119,-98,-102,-111,-106,-104,-106,-102,-102,-102,-105
109,-120,-97,-102,-111,-105,-104,-106,-102,-102,-101,-105
108,-120,-97,-102,-110,-104,-104,-106,-103,-102,-101,-104
106,-120,-96,-102,-110,-104,-105,-106,-102,-102,-101,-104
105,-119,-95,-102,-110,-103,-105,-106,-102,-103,-101,-103
104,-120,-94,-103,-111,-103,-105,-106,-102,-103,-100,-103
102,-120,-93,-103,-111,-103,-106,-106,-102,-103,-100,-103
99,-120,-93,-103,-110,-103,-107,-107,-102,-102,-99,-102
95,-120,-92,-102,-111,-103,-107,-107,-103,-103,-99,-101
93,-119,-91,-102,-110,-103,-107,-107,-103,-103,-99,-101
90,-119,-90,-102,-110,-102,-108,-107,-103,-102,-99,-101
89,-118,-90,-103,-110,-102,-107,-106,-103,-102,-99,-102
89,-118,-91,-103,-110,-102,-107,-106,-103,-103,-99,-103
88,-118,-91,-101,-109,-102,-107,-106,-103,-103,-99,-103
89,-117,-91,-101,-110,-102,-107,-106,-102,-103,-99,-103
92,-118,-93,-101,-110,-103,-106,-106,-101,-103,-98,-103
94,-118,-94,-101,-111,-103,-105,-107,-101,-103,-99,-104
97,-117,-96,-102,-111,-104,-103,-106,-101,-102,-99,-104
98,-116,-99,-102,-111,-104,-103,-106,-102,-102,-99,-105
98,-115,-102,-101,-110,-104,-102,-104,-102,-102,-99,-105
99,-115,-103,-100,-110,-105,-102,-103,-104,-102,-99,-105
99,-114,-105,-100,-109,-105,-102,-102,-105,-101,-99,-105
99,-113,-106,-99,-109,-105,-103,-102,-105,-101,-100,-104
98,-113,-108,-99,-110,-104,-103,-101,-106,-101,-100,-103
96,-112,-109,-98,-109,-104,-104,-100,-106,-101,-100,-103
95,-110,-110,-96,-110,-104,-105,-101,-106,-101,-100,-103
94,-110,-110,-96,-110,-105,-105,-102,-106,-101,-100,-103
93,-110,-110,-96,-110,-106,-105,-101,-106,-101,-100,-103
92,-109,-109,-95,-110,-106,-106,-102,-105,-101,-99,-104
91,-110,-107,-95,-109,-106,-106,-102,-105,-101,-98,-104
89,-111,-106,-96,-108,-106,-106,-102,-105,-102,-98,-105
87,-114,-105,-98,-107,-105,-106,-102,-105,-102,-99,-105
80,-115,-99,-100,-104,-104,-106,-102,-107,-102,-98,-104
75,-115,-95,-102,-102,-105,-104,-103,-107,-101,-99,-103
70,-116,-93,-102,-102,-106,-102,-105,-106,-101,-100,-105
66,-118,-93,-102,-101,-106,-102,-104,-105,-101,-100,-105
62,-117,-94,-103,-101,-105,-102,-104,-103,-101,-100,-105
54,-117,-94,-105,-103,-106,-101,-103,-101,-100,-99,-104
53,-118,-96,-106,-102,-107,-102,-102,-101,-100,-101,-104
50,-122,-98,-105,-101,-106,-101,-103,-99,-99,-100,-104
51,-120,-97,-106,-101,-107,-101,-104,-100,-101,-100,-104
52,-118,-96,-106,-104,-108,-103,-104,-101,-99,-99,-102
52,-118,-96,-105,-104,-110,-102,-104,-101,-101,-100,-102
51,-119,-97,-106,-103,-109,-102,-103,-102,-102,-101,-103
52,-120,-96,-104,-101,-108,-104,-106,-103,-103,-101,-105
52,-119,-95,-102,-102,-109,-104,-106,-102,-102,-101,-105
52,-118,-93,-102,-102,-108,-103,-104,-103,-101,-100,-104
52,-119,-95,-104,-102,-107,-103,-105,-103,-101,-99,-104
51,-119,-96,-105,-102,-107,-103,-105,-102,-101,-100,-104
53,-119,-94,-105,-102,-109,-102,-102,-102,-102,-100,-104
53,-119,-93,-104,-101,-108,-101,-103,-102,-103,-101,-103
53,-119,-95,-105,-101,-107,-103,-107,-103,-102,-100,-104
52,-118,-95,-106,-102,-106,-101,-106,-104,-102,-101,-104
49,-118,-95,-106,-100,-107,-100,-103,-105,-103,-102,-104
46,-119,-93,-106,-100,-107,-100,-104,-104,-101,-102,-105
44,-119,-95,-106,-103,-108,-101,-104,-101,-100,-101,-106
46,-119,-94,-106,-102,-108,-101,-103,-101,-101,-101,-106
46,-119,-95,-105,-101,-107,-102,-105,-104,-101,-100,-105
46,-117,-94,-105,-101,-106,-102,-103,-103,-102,-101,-104
46,-116,-95,-104,-101,-107,-101,-103,-102,-102,-100,-103
43,-116,-95,-103,-102,-108,-101,-105,-102,-102,-99,-102
41,-115,-96,-104,-102,-107,-103,-105,-102,-101,-98,-103
42,-110,-97,-103,-102,-107,-104,-106,-103,-101,-97,-103
47,-112,-95,-104,-104,-108,-103,-105,-102,-100,-98,-103
47,-117,-94,-103,-104,-107,-103,-103,-99,-99,-99,-102
41,-116,-95,-102,-102,-107,-105,-104,-101,-101,-100,-103
34,-109,-98,-100,-102,-105,-103,-104,-102,-101,-100,-104
31,-109,-99,-103,-102,-104,-104,-104,-102,-101,-101,-103
32,-106,-100,-101,-104,-106,-104,-104,-101,-101,-102,-103
34,-106,-99,-100,-103,-106,-105,-103,-101,-100,-101,-102
36,-106,-99,-101,-104,-105,-105,-103,-101,-101,-102,-102
35,-107,-99,-102,-106,-105,-104,-103,-102,-100,-99,-102
33,-106,-98,-103,-106,-104,-103,-103,-102,-101,-99,-102
35,-105,-98,-103,-105,-105,-104,-103,-101,-99,-99,-103
34,-107,-100,-102,-103,-105,-103,-103,-102,-98,-98,-102
33,-107,-99,-101,-103,-104,-102,-103,-101,-101,-101,-102
35,-106,-98,-102,-104,-106,-103,-102,-101,-101,-101,-102
36,-105,-99,-104,-105,-105,-103,-102,-101,-101,-100,-102
33,-107,-99,-104,-105,-105,-103,-102,-100,-101,-101,-101
33,-108,-98,-103,-105,-107,-104,-103,-101,-101,-102,-102
34,-106,-97,-103,-106,-108,-105,-104,-101,-100,-101,-102
33,-107,-98,-102,-105,-107,-105,-105,-102,-101,-99,-100
33,-106,-97,-102,-104,-106,-105,-105,-102,-100,-99,-102
33,-106,-99,-103,-103,-105,-105,-104,-103,-101,-99,-102
35,-104,-98,-104,-103,-104,-106,-104,-102,-100,-100,-102
35,-105,-98,-103,-104,-105,-105,-103,-101,-99,-100,-102
35,-107,-99,-102,-103,-106,-104,-103,-103,-101,-100,-103
34,-108,-98,-98,-103,-106,-104,-102,-103,-101,-100,-101
35,-107,-99,-99,-103,-105,-104,-104,-102,-101,-100,-100
37,-106,-100,-101,-101,-105,-104,-104,-102,-100,-101,-100
38,-106,-101,-103,-102,-105,-104,-103,-103,-100,-101,-101
34,-109,-100,-103,-104,-105,-105,-103,-103,-102,-102,-101
36,-109,-101,-103,-104,-106,-107,-104,-101,-101,-100,-100
36,-107,-101,-104,-104,-106,-106,-103,-103,-101,-100,-101
35,-106,-101,-103,-103,-105,-106,-104,-102,-103,-100,-101
33,-106,-102,-104,-102,-104,-106,-105,-101,-100,-100,-101
34,-107,-101,-101,-103,-105,-106,-103,-101,-101,-100,-102
33,-109,-101,-101,-103,-105,-104,-102,-100,-102,-99,-102
35,-107,-101,-102,-103,-105,-104,-104,-103,-102,-99,-102
33,-108,-102,-105,-104,-104,-103,-104,-104,-101,-100,-102
33,-110,-102,-102,-104,-103,-103,-103,-101,-100,-101,-102
32,-109,-99,-102,-104,-106,-103,-102,-100,-100,-101,-100
33,-108,-100,-103,-105,-105,-103,-102,-102,-101,-101,-101
33,-107,-101,-103,-105,-104,-103,-102,-103,-101,-102,-102
32,-107,-101,-104,-104,-104,-104,-104,-102,-101,-101,-102
32,-106,-101,-104,-102,-105,-104,-105,-102,-102,-100,-102
32,-109,-101,-103,-100,-104,-104,-105,-103,-101,-101,-103
33,-109,-102,-105,-102,-103,-103,-105,-103,-101,-102,-101
33,-107,-102,-106,-104,-104,-103,-104,-102,-102,-101,-101
33,-108,-100,-104,-104,-105,-103,-104,-103,-102,-103,-103
33,-109,-101,-103,-103,-103,-101,-103,-102,-101,-102,-100
34,-110,-102,-104,-104,-103,-102,-103,-102,-102,-101,-101
33,-109,-103,-104,-105,-105,-103,-102,-103,-102,-102,-102
35,-110,-104,-107,-104,-104,-104,-103,-103,-102,-102,-104
43,-113,-104,-109,-102,-98,-104,-103,-102,-100,-100,-102
41,-111,-104,-109,-103,-101,-107,-105,-102,-99,-99,-103
39,-109,-102,-104,-103,-102,-105,-103,-100,-98,-99,-102
43,-110,-104,-107,-102,-100,-103,-103,-101,-100,-98,-102
53,-106,-103,-107,-102,-98,-104,-103,-103,-103,-101,-103
75,-104,-107,-113,-101,-98,-105,-104,-102,-104,-103,-105
87,-104,-107,-114,-100,-97,-105,-104,-101,-103,-103,-105
87,-103,-107,-113,-101,-97,-105,-105,-102,-103,-103,-104
95,-103,-110,-113,-102,-97,-106,-104,-103,-104,-103,-104
105,-110,-109,-113,-102,-98,-107,-104,-102,-104,-103,-105
110,-111,-109,-113,-101,-97,-107,-103,-102,-104,-103,-105
111,-112,-109,-112,-102,-98,-107,-103,-102,-105,-103,-105
114,-111,-109,-111,-101,-98,-106,-103,-101,-105,-102,-104
114,-111,-109,-111,-101,-99,-106,-103,-101,-106,-102,-104
115,-111,-109,-110,-101,-100,-106,-102,-101,-107,-102,-104
115,-111,-108,-110,-102,-101,-106,-102,-101,-107,-101,-104
115,-111,-107,-110,-102,-102,-106,-102,-101,-107,-101,-105
112,-110,-107,-109,-103,-103,-108,-102,-100,-106,-100,-105
108,-109,-106,-107,-103,-104,-108,-102,-100,-106,-100,-104
99,-108,-104,-106,-102,-104,-109,-102,-100,-106,-99,-104
82,-106,-103,-103,-99,-103,-108,-103,-101,-105,-100,-105
69,-103,-103,-100,-99,-104,-106,-103,-102,-104,-103,-105
61,-101,-101,-101,-100,-104,-106,-103,-102,-104,-104,-104
55,-101,-100,-100,-100,-104,-106,-103,-102,-104,-105,-105
55,-101,-99,-100,-99,-104,-106,-103,-102,-103,-105,-105
55,-102,-98,-102,-100,-103,-106,-102,-102,-104,-104,-104
58,-105,-99,-100,-102,-103,-105,-103,-102,-104,-103,-103
60,-108,-100,-101,-100,-102,-106,-103,-103,-104,-102,-103
74,-110,-102,-102,-102,-104,-107,-103,-102,-105,-99,-103
91,-109,-103,-103,-105,-106,-106,-102,-102,-105,-99,-105
102,-109,-103,-103,-106,-106,-106,-101,-102,-104,-98,-105
107,-111,-104,-104,-107,-107,-106,-101,-102,-105,-98,-106
110,-112,-104,-104,-106,-107,-105,-101,-102,-105,-97,-106
110,-112,-104,-105,-106,-106,-105,-102,-101,-105,-98,-105
111,-113,-103,-104,-105,-106,-106,-102,-102,-105,-98,-104
109,-112,-104,-102,-106,-105,-107,-101,-103,-104,-99,-102
105,-110,-106,-99,-107,-104,-109,-100,-104,-103,-99,-102
97,-107,-109,-96,-106,-104,-109,-101,-105,-103,-97,-103
94,-105,-110,-96,-106,-106,-108,-100,-105,-102,-98,-104
95,-105,-110,-96,-106,-107,-107,-101,-105,-102,-99,-103
96,-104,-110,-96,-106,-107,-107,-100,-105,-101,-99,-103
96,-105,-111,-97,-106,-108,-107,-101,-105,-102,-99,-104
93,-104,-111,-96,-106,-107,-107,-101,-105,-101,-98,-103
89,-104,-110,-95,-105,-107,-107,-100,-105,-101,-98,-103
75,-102,-108,-97,-104,-109,-106,-101,-106,-102,-99,-103
69,-101,-106,-99,-104,-110,-105,-103,-104,-101,-99,-102
64,-102,-104,-98,-103,-109,-104,-102,-104,-101,-99,-102
73,-103,-107,-98,-104,-108,-106,-101,-105,-101,-98,-103
70,-104,-107,-98,-104,-109,-105,-101,-104,-100,-97,-101
52,-106,-102,-99,-104,-108,-102,-100,-101,-100,-99,-101
48,-110,-103,-98,-105,-107,-103,-101,-101,-100,-98,-103
46,-109,-103,-100,-105,-107,-104,-100,-101,-100,-100,-103
45,-106,-101,-101,-103,-106,-102,-100,-101,-102,-102,-102
46,-106,-100,-100,-103,-106,-103,-101,-102,-103,-101,-101
45,-106,-97,-100,-102,-104,-103,-103,-103,-101,-100,-102
47,-105,-98,-101,-103,-105,-105,-105,-103,-101,-101,-102
47,-107,-99,-102,-104,-106,-104,-103,-101,-100,-101,-102
44,-109,-100,-102,-103,-105,-103,-103,-100,-99,-102,-102
42,-109,-100,-103,-103,-103,-102,-103,-101,-99,-102,-103
42,-108,-101,-102,-105,-104,-102,-102,-101,-99,-102,-103
42,-107,-100,-102,-104,-105,-101,-101,-102,-99,-101,-103
42,-107,-99,-102,-104,-108,-100,-100,-101,-99,-102,-103
42,-107,-100,-103,-103,-106,-99,-100,-102,-101,-104,-102
44,-108,-100,-103,-105,-105,-101,-101,-102,-101,-103,-102
43,-108,-100,-102,-107,-105,-101,-101,-101,-100,-100,-102
43,-107,-101,-101,-106,-105,-101,-100,-100,-100,-100,-101
45,-107,-102,-102,-105,-104,-102,-101,-99,-101,-101,-102
43,-110,-101,-102,-105,-106,-103,-102,-99,-100,-102,-102
42,-110,-100,-102,-104,-106,-102,-101,-101,-99,-101,-101
43,-109,-99,-100,-104,-106,-102,-101,-102,-101,-100,-101
42,-108,-98,-99,-104,-105,-102,-102,-101,-100,-100,-100
42,-109,-99,-100,-103,-105,-103,-101,-100,-99,-102,-102
43,-111,-101,-102,-104,-105,-103,-100,-99,-99,-101,-103
41,-109,-100,-101,-104,-105,-103,-100,-100,-100,-100,-101
45,-106,-99,-101,-102,-105,-102,-101,-103,-103,-103,-102
46,-104,-98,-100,-100,-103,-103,-103,-105,-103,-104,-104
46,-104,-96,-99,-103,-104,-103,-104,-103,-102,-102,-102
50,-102,-94,-99,-105,-105,-102,-102,-102,-102,-102,-102
48,-101,-94,-100,-105,-106,-102,-102,-104,-104,-103,-103
49,-101,-96,-99,-103,-104,-103,-101,-102,-103,-103,-104
51,-101,-96,-100,-102,-103,-103,-101,-102,-102,-104,-104
48,-103,-95,-99,-103,-102,-104,-103,-103,-102,-104,-104
47,-103,-95,-98,-103,-104,-105,-104,-102,-101,-103,-104
48,-103,-96,-99,-103,-105,-105,-104,-102,-101,-102,-104
53,-105,-97,-100,-103,-105,-103,-103,-103,-102,-101,-102
66,-109,-98,-100,-104,-105,-103,-102,-103,-101,-100,-103
81,-109,-100,-99,-107,-105,-104,-102,-104,-102,-99,-106
98,-111,-101,-100,-108,-106,-104,-101,-104,-101,-99,-106
107,-113,-103,-103,-109,-105,-104,-101,-105,-102,-100,-107
111,-115,-102,-103,-108,-105,-103,-101,-104,-103,-101,-107
113,-117,-103,-104,-107,-104,-102,-102,-105,-103,-101,-107
113,-117,-103,-105,-107,-104,-101,-102,-106,-104,-101,-107
114,-117,-103,-104,-106,-103,-100,-101,-106,-104,-101,-107
114,-118,-103,-104,-106,-103,-101,-102,-107,-104,-101,-107
114,-118,-103,-104,-106,-102,-100,-103,-107,-103,-102,-107
112,-118,-103,-104,-105,-102,-100,-103,-107,-103,-102,-107
110,-117,-102,-104,-104,-102,-100,-103,-107,-103,-102,-107
108,-117,-101,-103,-104,-102,-100,-103,-107,-102,-102,-106
105,-117,-100,-102,-103,-103,-100,-103,-108,-102,-102,-106
93,-115,-100,-99,-101,-105,-102,-103,-107,-103,-101,-105
83,-111,-99,-95,-103,-104,-106,-104,-104,-103,-101,-103
79,-108,-101,-93,-103,-103,-107,-105,-103,-104,-100,-104
82,-110,-101,-95,-102,-104,-107,-105,-103,-103,-102,-103
84,-110,-101,-95,-101,-104,-107,-105,-102,-103,-104,-103
79,-107,-100,-95,-103,-104,-108,-104,-101,-105,-104,-104
74,-105,-98,-94,-105,-103,-107,-105,-100,-104,-101,-105
74,-106,-98,-94,-104,-104,-108,-105,-100,-104,-101,-106
71,-106,-98,-93,-104,-104,-107,-105,-101,-103,-101,-105
72,-105,-98,-96,-104,-103,-106,-104,-102,-103,-102,-105
72,-105,-97,-97,-104,-104,-105,-103,-101,-103,-102,-105
70,-104,-96,-97,-104,-104,-105,-104,-101,-103,-102,-104
67,-103,-96,-98,-104,-104,-106,-105,-102,-103,-101,-103
65,-101,-95,-98,-104,-105,-105,-103,-102,-103,-102,-103
63,-101,-94,-98,-104,-106,-104,-103,-103,-103,-102,-103
61,-101,-95,-98,-105,-106,-104,-103,-104,-104,-101,-103
57,-101,-94,-98,-105,-106,-105,-103,-104,-101,-102,-103
62,-104,-100,-100,-102,-105,-107,-103,-102,-102,-102,-104
75,-108,-107,-103,-97,-106,-107,-103,-102,-104,-102,-103
76,-111,-110,-105,-95,-106,-107,-103,-102,-103,-101,-102
68,-107,-106,-104,-97,-105,-108,-102,-101,-103,-101,-103
73,-102,-104,-103,-101,-104,-108,-103,-101,-104,-102,-103
87,-100,-106,-103,-104,-102,-110,-103,-100,-105,-101,-103
95,-104,-107,-102,-105,-103,-111,-102,-100,-104,-100,-101
98,-107,-105,-102,-105,-103,-112,-102,-101,-103,-100,-101
97,-108,-103,-100,-106,-103,-112,-102,-102,-103,-99,-101
91,-107,-104,-97,-107,-102,-113,-103,-102,-105,-97,-102
87,-105,-104,-96,-106,-102,-111,-105,-102,-106,-98,-102
83,-106,-102,-97,-104,-102,-111,-105,-103,-106,-98,-101
80,-107,-100,-97,-104,-102,-111,-103,-103,-107,-99,-101
81,-109,-99,-95,-106,-103,-109,-101,-103,-105,-101,-102
77,-110,-98,-97,-106,-104,-107,-101,-102,-105,-100,-102
63,-109,-95,-99,-105,-104,-106,-100,-101,-105,-101,-102
53,-106,-96,-100,-105,-104,-105,-100,-100,-101,-101,-104
49,-106,-99,-102,-105,-105,-104,-102,-102,-100,-102,-103
45,-108,-100,-103,-106,-104,-105,-102,-104,-102,-103,-103
42,-108,-99,-104,-105,-105,-105,-102,-102,-102,-103,-102
42,-109,-99,-103,-104,-105,-106,-103,-101,-102,-102,-102
43,-108,-100,-103,-105,-105,-106,-104,-101,-103,-103,-102
41,-108,-101,-106,-105,-107,-105,-103,-101,-102,-102,-101
42,-109,-101,-104,-105,-105,-105,-104,-100,-101,-102,-102
53,-113,-99,-105,-105,-104,-105,-102,-103,-101,-101,-102
72,-124,-96,-106,-102,-103,-105,-102,-103,-101,-102,-102
81,-128,-98,-107,-102,-103,-104,-101,-103,-101,-101,-101
73,-125,-96,-107,-102,-104,-106,-101,-103,-101,-102,-101
59,-118,-93,-109,-103,-107,-105,-101,-102,-100,-101,-102
59,-118,-93,-108,-102,-107,-105,-102,-101,-100,-102,-102
57,-121,-94,-107,-102,-107,-106,-101,-103,-99,-102,-104
60,-118,-91,-106,-104,-105,-105,-102,-105,-99,-102,-103
63,-114,-90,-104,-103,-104,-105,-103,-103,-100,-102,-103
72,-112,-86,-102,-105,-103,-108,-105,-103,-103,-101,-103
81,-113,-86,-101,-106,-102,-108,-105,-104,-105,-101,-103
86,-116,-86,-103,-107,-101,-109,-106,-104,-105,-100,-102
89,-117,-85,-103,-107,-101,-109,-106,-105,-105,-100,-103
91,-118,-85,-102,-108,-101,-109,-106,-104,-105,-100,-102
91,-118,-85,-101,-108,-100,-109,-107,-104,-105,-99,-102
92,-117,-87,-99,-109,-101,-108,-108,-103,-104,-99,-101
90,-114,-91,-98,-110,-103,-106,-109,-103,-104,-100,-102
79,-111,-94,-97,-108,-103,-106,-108,-100,-103,-100,-101
57,-105,-97,-100,-103,-103,-105,-103,-102,-102,-101,-103
45,-103,-96,-100,-101,-105,-103,-102,-101,-102,-102,-104
44,-104,-96,-100,-101,-106,-104,-103,-101,-103,-102,-104
42,-108,-100,-101,-103,-105,-105,-104,-102,-105,-102,-104
44,-108,-99,-99,-103,-105,-105,-104,-101,-101,-100,-102
44,-109,-99,-99,-102,-106,-104,-105,-103,-100,-100,-103
42,-110,-99,-100,-101,-105,-103,-103,-103,-101,-101,-102
44,-110,-99,-100,-102,-105,-104,-103,-103,-103,-101,-102
45,-113,-100,-100,-102,-104,-104,-103,-102,-103,-102,-102
49,-111,-101,-101,-102,-105,-104,-101,-101,-102,-100,-101
53,-108,-101,-99,-102,-105,-103,-101,-101,-103,-103,-101
83,-104,-106,-100,-104,-104,-107,-102,-103,-103,-103,-101
99,-105,-108,-100,-106,-106,-108,-102,-103,-103,-103,-101
102,-108,-110,-98,-108,-106,-108,-101,-103,-102,-102,-101
100,-106,-110,-97,-109,-107,-108,-101,-104,-102,-101,-102
97,-105,-111,-96,-109,-107,-107,-101,-104,-102,-100,-103
95,-106,-111,-96,-109,-107,-106,-102,-105,-102,-99,-103
93,-106,-110,-96,-108,-108,-106,-101,-106,-102,-99,-103
88,-108,-108,-96,-106,-108,-105,-102,-106,-102,-99,-103
80,-109,-104,-96,-104,-108,-105,-101,-106,-101,-98,-102
73,-114,-98,-98,-102,-107,-106,-102,-106,-102,-101,-102
71,-118,-94,-102,-101,-106,-105,-102,-106,-103,-101,-100
72,-119,-93,-104,-100,-105,-104,-102,-103,-102,-101,-101
71,-121,-91,-105,-101,-105,-102,-102,-103,-101,-100,-103
67,-122,-91,-105,-101,-105,-103,-104,-104,-103,-99,-102
61,-121,-95,-105,-103,-106,-104,-105,-102,-101,-99,-103
57,-122,-96,-105,-103,-108,-104,-103,-103,-104,-101,-104
58,-121,-96,-105,-103,-106,-104,-104,-101,-103,-100,-103
59,-122,-97,-104,-102,-105,-103,-104,-99,-102,-99,-103
59,-122,-95,-106,-102,-106,-103,-103,-100,-103,-100,-103
60,-121,-93,-107,-105,-107,-105,-104,-101,-103,-100,-103
61,-120,-94,-107,-104,-107,-102,-104,-103,-102,-99,-103
63,-118,-94,-107,-104,-108,-102,-103,-101,-101,-99,-102
63,-120,-95,-107,-105,-106,-102,-103,-101,-102,-99,-102
63,-122,-96,-106,-104,-105,-103,-106,-103,-104,-100,-101
64,-120,-95,-105,-102,-105,-103,-106,-102,-102,-99,-101
63,-120,-96,-106,-104,-105,-103,-105,-101,-101,-99,-101
65,-119,-96,-106,-105,-105,-103,-106,-101,-101,-100,-102
61,-117,-95,-106,-104,-106,-103,-102,-101,-102,-101,-102
55,-116,-95,-106,-101,-107,-106,-101,-101,-102,-100,-102
53,-117,-95,-106,-101,-105,-105,-101,-102,-102,-99,-102
53,-114,-95,-104,-103,-105,-104,-101,-102,-102,-102,-103
53,-110,-97,-100,-103,-106,-104,-102,-103,-102,-104,-103
51,-106,-98,-99,-104,-106,-103,-102,-104,-104,-102,-103
50,-105,-97,-99,-102,-104,-103,-102,-102,-104,-102,-103
50,-103,-96,-100,-101,-104,-103,-103,-101,-103,-102,-104
49,-104,-98,-100,-100,-104,-104,-102,-102,-102,-102,-103
57,-104,-101,-96,-102,-106,-103,-104,-103,-102,-101,-102
58,-104,-100,-95,-102,-107,-103,-104,-103,-103,-101,-103
55,-105,-99,-95,-102,-105,-103,-104,-103,-104,-103,-103
63,-105,-98,-94,-103,-106,-101,-105,-105,-105,-101,-101
62,-105,-98,-94,-103,-106,-103,-105,-104,-105,-100,-102
70,-107,-102,-92,-104,-105,-104,-106,-103,-105,-101,-102
75,-107,-102,-93,-105,-106,-104,-105,-102,-105,-100,-101
76,-108,-101,-93,-107,-107,-105,-105,-103,-106,-100,-101
77,-109,-101,-93,-105,-106,-105,-105,-102,-106,-100,-101
79,-109,-102,-93,-105,-106,-105,-106,-102,-106,-101,-101
82,-109,-102,-93,-104,-106,-105,-106,-101,-106,-101,-100
87,-111,-102,-95,-104,-106,-106,-106,-102,-105,-103,-101
101,-115,-103,-99,-105,-104,-105,-103,-106,-105,-103,-103
110,-118,-101,-100,-106,-104,-104,-103,-106,-103,-102,-104
114,-122,-98,-101,-109,-102,-104,-105,-105,-103,-103,-104
112,-124,-94,-103,-109,-99,-105,-107,-103,-104,-103,-103
109,-123,-92,-106,-109,-98,-107,-107,-102,-105,-103,-103
106,-123,-91,-107,-109,-98,-107,-107,-102,-105,-103,-104
104,-123,-89,-107,-109,-98,-108,-107,-102,-105,-103,-104
103,-123,-89,-107,-108,-98,-107,-107,-103,-105,-102,-104
103,-122,-89,-106,-108,-98,-108,-107,-103,-105,-102,-103
102,-122,-89,-106,-108,-97,-108,-107,-103,-105,-103,-103
101,-122,-89,-105,-108,-97,-107,-107,-102,-106,-103,-103
100,-121,-91,-103,-108,-98,-107,-108,-102,-105,-103,-102
95,-118,-93,-101,-108,-99,-107,-108,-102,-106,-103,-101
83,-111,-95,-98,-107,-102,-107,-107,-102,-104,-102,-102
76,-106,-99,-96,-107,-102,-108,-105,-103,-105,-101,-104
77,-107,-100,-95,-107,-103,-107,-105,-103,-105,-101,-104
77,-108,-100,-95,-106,-103,-106,-105,-104,-105,-100,-104
79,-109,-101,-95,-105,-104,-106,-105,-105,-105,-99,-103
86,-110,-104,-99,-103,-106,-104,-104,-105,-107,-101,-102
101,-112,-107,-104,-101,-106,-103,-102,-106,-106,-103,-103
107,-113,-109,-106,-99,-106,-102,-102,-108,-106,-103,-103
109,-113,-110,-107,-99,-105,-103,-102,-107,-107,-103,-102
108,-112,-110,-107,-98,-103,-104,-102,-106,-107,-102,-101
107,-112,-111,-108,-98,-103,-104,-102,-105,-107,-102,-102
108,-113,-112,-109,-98,-103,-104,-103,-104,-107,-102,-102
107,-111,-111,-109,-98,-103,-104,-102,-104,-107,-102,-102
106,-111,-111,-109,-98,-103,-104,-103,-103,-107,-103,-103
103,-109,-111,-108,-98,-104,-103,-102,-103,-106,-102,-103
97,-107,-109,-107,-99,-104,-104,-103,-103,-106,-102,-104
82,-104,-106,-105,-99,-103,-105,-104,-103,-107,-102,-105
62,-102,-100,-101,-100,-104,-107,-104,-103,-105,-103,-104
54,-103,-98,-102,-102,-103,-104,-101,-104,-105,-104,-103
50,-104,-97,-101,-103,-105,-104,-101,-102,-105,-104,-103
51,-105,-99,-101,-101,-104,-104,-102,-103,-106,-103,-101
51,-105,-98,-101,-101,-104,-104,-102,-103,-106,-103,-101
50,-104,-99,-101,-101,-104,-105,-102,-102,-104,-104,-102
47,-105,-99,-99,-98,-103,-105,-103,-101,-104,-104,-102
47,-105,-97,-99,-99,-105,-105,-104,-102,-104,-103,-100
49,-104,-96,-98,-101,-105,-105,-102,-100,-104,-103,-101
50,-104,-97,-99,-102,-105,-104,-103,-102,-104,-103,-102
51,-105,-98,-100,-100,-103,-104,-105,-102,-103,-102,-103
50,-107,-98,-100,-99,-104,-105,-104,-102,-104,-102,-104
52,-107,-98,-100,-101,-104,-104,-103,-103,-103,-102,-103
50,-110,-99,-100,-102,-104,-104,-103,-101,-102,-103,-104
66,-112,-102,-102,-104,-102,-102,-103,-101,-101,-102,-104
74,-112,-100,-101,-103,-102,-102,-104,-101,-102,-103,-103
79,-110,-99,-100,-105,-105,-104,-104,-103,-102,-100,-104
97,-112,-98,-100,-107,-105,-104,-104,-104,-102,-99,-104
108,-115,-99,-102,-109,-106,-105,-105,-104,-102,-100,-105
112,-116,-99,-102,-108,-105,-104,-104,-104,-102,-100,-105
114,-117,-99,-103,-108,-105,-104,-104,-104,-102,-100,-105
114,-115,-99,-102,-108,-105,-104,-105,-104,-102,-100,-104
104,-115,-99,-103,-109,-106,-104,-105,-105,-102,-100,-105
90,-113,-95,-101,-106,-106,-105,-104,-107,-102,-99,-105
87,-113,-93,-102,-103,-105,-106,-104,-109,-103,-99,-105
88,-114,-93,-103,-104,-106,-107,-103,-109,-102,-100,-107
88,-114,-92,-103,-103,-105,-107,-103,-108,-102,-99,-107
87,-114,-91,-103,-104,-103,-107,-102,-106,-103,-101,-108
91,-116,-94,-99,-107,-104,-107,-107,-104,-103,-102,-105
97,-116,-94,-100,-109,-103,-107,-108,-104,-103,-101,-102
98,-116,-93,-100,-109,-102,-107,-108,-103,-103,-102,-102
97,-116,-93,-101,-109,-102,-107,-108,-103,-104,-102,-101
95,-114,-94,-101,-109,-101,-107,-108,-104,-104,-101,-102
95,-114,-94,-100,-109,-102,-107,-108,-103,-104,-101,-102
91,-111,-95,-99,-109,-102,-107,-109,-103,-104,-101,-102
79,-106,-97,-99,-107,-101,-105,-108,-103,-105,-101,-102
64,-101,-96,-101,-105,-104,-105,-105,-103,-103,-103,-105
60,-101,-96,-103,-105,-104,-105,-103,-101,-102,-103,-104
58,-102,-97,-101,-104,-104,-105,-104,-99,-101,-103,-104
59,-102,-98,-100,-101,-104,-107,-105,-101,-102,-102,-103
59,-103,-99,-100,-100,-104,-105,-106,-103,-103,-102,-103
58,-102,-98,-100,-102,-104,-106,-105,-102,-102,-104,-103
55,-103,-97,-100,-103,-104,-104,-103,-101,-103,-103,-103
64,-103,-100,-100,-103,-104,-104,-102,-101,-102,-103,-102
92,-103,-106,-101,-104,-105,-106,-99,-104,-101,-103,-101
106,-106,-108,-101,-106,-107,-106,-99,-104,-101,-103,-101
110,-108,-108,-99,-106,-106,-104,-99,-105,-101,-102,-101
108,-108,-109,-98,-107,-107,-103,-99,-106,-101,-102,-102
106,-108,-109,-98,-107,-107,-103,-100,-106,-101,-102,-102
107,-110,-109,-98,-107,-107,-103,-101,-106,-101,-103,-102
109,-111,-109,-100,-108,-107,-103,-101,-106,-102,-103,-103
109,-111,-109,-100,-107,-106,-102,-101,-106,-102,-103,-103
110,-112,-108,-101,-107,-107,-103,-102,-106,-102,-103,-103
111,-112,-107,-102,-106,-108,-103,-102,-105,-103,-102,-104
110,-112,-106,-103,-105,-108,-102,-102,-105,-103,-101,-105
109,-112,-106,-103,-105,-107,-103,-101,-106,-104,-100,-106
107,-110,-106,-102,-105,-106,-103,-101,-106,-104,-99,-106
98,-108,-106,-101,-104,-106,-105,-102,-106,-104,-98,-105
78,-106,-103,-100,-102,-105,-104,-101,-106,-103,-98,-104
59,-105,-100,-102,-103,-105,-104,-102,-103,-104,-101,-104
54,-107,-101,-102,-103,-106,-105,-101,-101,-102,-103,-105
51,-109,-103,-102,-105,-107,-106,-102,-100,-101,-101,-105
51,-109,-104,-102,-104,-108,-107,-103,-100,-100,-101,-103
50,-108,-103,-102,-103,-106,-105,-101,-101,-100,-102,-102
49,-109,-104,-102,-103,-105,-105,-101,-101,-100,-102,-103
53,-111,-104,-104,-103,-105,-104,-102,-101,-101,-100,-104
64,-115,-102,-104,-103,-103,-104,-104,-102,-101,-101,-104
65,-118,-103,-103,-105,-104,-103,-104,-102,-101,-101,-101
64,-116,-101,-100,-105,-102,-101,-103,-103,-101,-102,-102
70,-108,-97,-100,-105,-104,-105,-105,-105,-102,-101,-103
77,-105,-98,-101,-103,-106,-105,-105,-105,-101,-100,-103
79,-109,-97,-103,-101,-107,-104,-105,-107,-102,-101,-103
80,-110,-95,-104,-100,-108,-104,-104,-108,-100,-101,-104
81,-110,-94,-105,-100,-109,-104,-103,-108,-101,-101,-104
80,-111,-93,-104,-100,-108,-105,-103,-109,-101,-100,-104
79,-112,-92,-104,-101,-107,-105,-103,-110,-102,-100,-105
79,-113,-91,-103,-102,-106,-106,-103,-110,-102,-100,-104
79,-114,-90,-103,-102,-106,-106,-103,-109,-103,-99,-104
80,-114,-92,-101,-105,-104,-106,-105,-105,-103,-101,-103
89,-115,-94,-101,-108,-102,-105,-107,-104,-103,-101,-101
96,-116,-94,-101,-110,-102,-105,-108,-103,-103,-100,-101
97,-117,-93,-102,-109,-103,-107,-108,-102,-103,-101,-101
97,-117,-93,-102,-109,-102,-106,-107,-103,-103,-101,-101
97,-118,-92,-102,-109,-102,-107,-108,-103,-103,-101,-101
97,-118,-92,-103,-109,-103,-107,-107,-103,-103,-101,-101
97,-118,-93,-103,-109,-103,-107,-107,-103,-103,-101,-101
98,-117,-94,-104,-110,-102,-106,-106,-103,-103,-101,-102
97,-116,-95,-104,-110,-102,-106,-106,-103,-103,-102,-103
95,-114,-96,-103,-109,-101,-105,-105,-103,-103,-102,-103
92,-112,-96,-103,-110,-101,-104,-105,-104,-103,-102,-104
87,-109,-96,-103,-109,-100,-103,-104,-103,-103,-101,-103
79,-108,-96,-102,-109,-99,-104,-104,-102,-102,-102,-101
74,-109,-97,-98,-106,-99,-104,-104,-104,-101,-103,-103
77,-110,-98,-98,-106,-99,-102,-105,-105,-101,-102,-102
78,-110,-99,-99,-105,-99,-101,-104,-105,-101,-100,-103
83,-110,-103,-100,-105,-97,-101,-105,-105,-102,-100,-104
84,-109,-100,-101,-105,-97,-101,-104,-105,-103,-100,-102
84,-107,-98,-101,-104,-100,-101,-102,-106,-104,-101,-103
86,-105,-102,-103,-104,-99,-98,-102,-104,-104,-101,-102
95,-106,-107,-102,-105,-99,-99,-103,-105,-103,-100,-104
107,-110,-105,-103,-104,-100,-99,-103,-105,-103,-100,-103
118,-115,-107,-103,-104,-99,-99,-102,-104,-103,-100,-103
123,-118,-106,-103,-104,-100,-99,-102,-105,-103,-100,-103
124,-118,-106,-103,-103,-100,-99,-102,-106,-104,-100,-104
120,-118,-106,-104,-103,-101,-100,-102,-107,-104,-101,-104
119,-117,-106,-103,-102,-101,-100,-101,-107,-103,-101,-103
118,-117,-106,-104,-102,-102,-101,-101,-108,-104,-102,-104
116,-116,-106,-104,-101,-102,-101,-100,-108,-103,-102,-103
114,-114,-107,-104,-101,-103,-101,-100,-108,-103,-102,-104
112,-113,-107,-104,-100,-104,-101,-99,-108,-103,-102,-104
109,-112,-106,-103,-99,-104,-101,-99,-107,-103,-103,-103
104,-111,-105,-102,-99,-104,-101,-100,-106,-103,-102,-103
97,-110,-105,-99,-100,-104,-102,-101,-105,-104,-102,-102
86,-110,-102,-94,-102,-102,-103,-101,-105,-104,-101,-102
83,-109,-101,-93,-103,-102,-104,-101,-105,-104,-100,-101
80,-108,-100,-92,-104,-103,-105,-102,-105,-105,-99,-102
78,-108,-101,-92,-104,-102,-105,-101,-104,-104,-99,-102
79,-107,-100,-93,-105,-103,-105,-102,-104,-104,-99,-102
77,-107,-99,-93,-104,-103,-105,-102,-103,-104,-100,-103
74,-107,-97,-93,-105,-103,-106,-103,-103,-104,-99,-102
72,-106,-97,-94,-105,-102,-105,-104,-103,-104,-99,-102
70,-104,-97,-95,-105,-102,-105,-104,-103,-103,-100,-102
70,-103,-98,-96,-104,-102,-105,-104,-102,-104,-101,-102
66,-103,-97,-97,-103,-102,-106,-103,-103,-104,-102,-102
62,-103,-97,-99,-101,-104,-104,-103,-104,-104,-102,-102
65,-107,-98,-100,-100,-104,-103,-102,-104,-103,-102,-103
73,-107,-99,-102,-102,-103,-104,-103,-101,-102,-101,-103
87,-106,-102,-103,-102,-103,-106,-102,-100,-105,-99,-101
97,-107,-103,-105,-102,-105,-107,-101,-100,-105,-99,-102
102,-108,-103,-106,-101,-105,-107,-101,-99,-105,-98,-102
104,-108,-104,-107,-101,-105,-107,-101,-99,-105,-99,-102
104,-108,-104,-108,-101,-105,-108,-101,-99,-105,-99,-103
101,-107,-103,-107,-101,-105,-108,-102,-99,-105,-99,-102
96,-106,-103,-106,-101,-105,-109,-103,-100,-105,-99,-102
93,-105,-102,-106,-100,-105,-109,-103,-100,-104,-99,-102
90,-105,-101,-106,-100,-105,-110,-103,-101,-105,-99,-102
87,-105,-101,-105,-100,-105,-110,-104,-101,-105,-100,-102
81,-104,-100,-103,-100,-105,-110,-104,-103,-104,-99,-101
75,-103,-100,-102,-99,-105,-109,-104,-104,-105,-99,-102
69,-102,-100,-101,-100,-105,-110,-103,-104,-106,-100,-102
66,-102,-99,-100,-100,-107,-109,-103,-103,-106,-101,-102
64,-103,-98,-99,-100,-106,-108,-104,-103,-106,-99,-103
62,-102,-99,-100,-101,-104,-109,-104,-102,-106,-100,-104
58,-101,-98,-100,-101,-104,-107,-102,-102,-105,-103,-104
54,-100,-96,-101,-101,-104,-104,-103,-103,-105,-103,-103
65,-104,-98,-100,-103,-105,-105,-102,-105,-105,-101,-105
91,-108,-99,-102,-105,-107,-106,-102,-105,-103,-98,-104
99,-109,-100,-102,-106,-108,-106,-102,-104,-103,-98,-104
103,-109,-101,-103,-106,-107,-105,-101,-103,-103,-98,-104
102,-109,-102,-103,-105,-106,-106,-102,-102,-104,-99,-103
91,-107,-100,-102,-103,-105,-107,-102,-102,-104,-99,-102
71,-103,-99,-102,-100,-103,-108,-103,-101,-105,-102,-101
56,-99,-97,-100,-100,-103,-107,-104,-101,-103,-104,-104
55,-99,-97,-100,-99,-102,-106,-103,-101,-104,-104,-105
55,-98,-97,-101,-101,-103,-105,-102,-102,-104,-103,-105
53,-98,-96,-101,-101,-102,-104,-103,-103,-104,-102,-104
55,-99,-96,-101,-101,-102,-103,-104,-104,-103,-101,-103
52,-98,-97,-101,-101,-102,-103,-104,-104,-104,-101,-102
50,-100,-96,-100,-100,-101,-102,-105,-104,-104,-101,-102
51,-101,-97,-100,-100,-103,-102,-103,-104,-104,-101,-102
52,-103,-98,-100,-100,-102,-102,-102,-103,-104,-101,-102
55,-100,-99,-101,-101,-102,-102,-102,-104,-103,-101,-101
70,-97,-100,-108,-103,-100,-103,-105,-104,-103,-98,-102
79,-96,-100,-112,-103,-99,-104,-105,-104,-103,-97,-103
84,-95,-102,-113,-104,-98,-107,-104,-103,-103,-97,-103
90,-97,-101,-113,-105,-98,-106,-105,-103,-102,-97,-103
92,-98,-101,-113,-105,-99,-106,-105,-104,-102,-96,-103
93,-98,-101,-112,-105,-99,-106,-105,-103,-102,-96,-103
93,-99,-101,-113,-105,-98,-106,-106,-103,-101,-98,-103
95,-99,-102,-113,-104,-99,-106,-106,-102,-102,-97,-103
97,-101,-102,-112,-104,-99,-106,-106,-102,-102,-98,-104
99,-101,-102,-112,-104,-99,-107,-107,-100,-101,-99,-104
102,-103,-104,-111,-104,-100,-107,-106,-99,-101,-100,-103
103,-104,-104,-110,-103,-100,-108,-106,-98,-101,-101,-103
105,-105,-104,-109,-103,-101,-109,-104,-98,-102,-102,-102
106,-106,-105,-108,-103,-101,-110,-103,-99,-103,-102,-101
107,-107,-105,-105,-105,-101,-110,-102,-99,-103,-102,-100
106,-107,-106,-102,-107,-102,-110,-102,-99,-104,-102,-99
102,-105,-108,-98,-108,-103,-109,-103,-100,-104,-101,-99
97,-104,-108,-97,-106,-105,-107,-104,-101,-104,-100,-100
92,-103,-108,-97,-104,-107,-106,-105,-101,-105,-99,-101
89,-103,-108,-98,-102,-107,-106,-105,-100,-107,-100,-101
87,-102,-107,-99,-102,-105,-108,-106,-99,-106,-100,-100
90,-103,-105,-102,-104,-103,-111,-105,-100,-104,-101,-101
90,-103,-103,-104,-104,-100,-110,-105,-100,-102,-101,-102
82,-101,-102,-106,-103,-100,-109,-106,-101,-101,-101,-102
74,-100,-101,-106,-102,-101,-106,-108,-102,-101,-99,-102
71,-100,-101,-105,-101,-102,-106,-107,-103,-103,-99,-100
66,-99,-101,-105,-101,-102,-105,-106,-104,-103,-99,-101
64,-100,-100,-104,-104,-103,-102,-104,-104,-105,-99,-101
65,-101,-102,-103,-104,-102,-101,-105,-104,-104,-101,-102
66,-100,-102,-104,-103,-102,-101,-105,-103,-104,-101,-102
69,-101,-102,-104,-101,-102,-104,-107,-103,-104,-100,-101
74,-100,-101,-107,-100,-101,-106,-108,-103,-104,-99,-102
81,-101,-101,-107,-100,-101,-107,-109,-101,-103,-100,-103
89,-104,-100,-105,-100,-103,-109,-107,-99,-105,-99,-101
97,-107,-100,-103,-102,-105,-108,-106,-100,-106,-99,-101
100,-111,-99,-101,-106,-107,-106,-106,-101,-106,-99,-102
103,-113,-97,-100,-107,-105,-105,-107,-101,-104,-99,-102
102,-113,-96,-100,-108,-105,-105,-108,-103,-103,-99,-103
101,-112,-96,-99,-108,-105,-105,-108,-104,-102,-99,-103
95,-111,-96,-99,-108,-105,-105,-107,-105,-103,-99,-104
81,-108,-97,-99,-107,-105,-102,-104,-105,-104,-100,-105
71,-104,-99,-100,-105,-104,-102,-104,-105,-104,-101,-106
65,-102,-98,-100,-104,-104,-104,-103,-104,-104,-102,-105
61,-102,-98,-101,-103,-104,-103,-102,-104,-105,-103,-104
59,-102,-96,-101,-104,-104,-102,-102,-102,-103,-103,-105
59,-102,-98,-99,-105,-105,-102,-102,-101,-103,-103,-105
58,-103,-99,-100,-102,-104,-101,-103,-102,-105,-103,-104
57,-103,-98,-99,-103,-104,-101,-103,-102,-104,-103,-105
57,-104,-97,-98,-102,-105,-103,-103,-102,-104,-103,-105
60,-104,-99,-98,-103,-106,-103,-104,-100,-103,-104,-103
69,-107,-101,-97,-104,-104,-104,-104,-101,-103,-102,-103
87,-110,-100,-99,-107,-105,-105,-102,-104,-102,-99,-105
102,-112,-101,-102,-108,-106,-103,-102,-104,-103,-100,-106
111,-112,-101,-103,-109,-106,-102,-101,-103,-102,-100,-106
114,-114,-101,-104,-109,-105,-102,-101,-103,-102,-101,-106
117,-115,-102,-105,-109,-104,-101,-102,-103,-103,-101,-107
117,-116,-103,-105,-109,-103,-100,-101,-104,-104,-102,-107
117,-116,-103,-105,-109,-103,-100,-101,-103,-105,-101,-106
118,-116,-104,-104,-108,-103,-100,-101,-103,-105,-101,-106
119,-116,-105,-104,-107,-103,-100,-101,-103,-105,-101,-105
117,-116,-105,-104,-108,-103,-102,-100,-104,-105,-102,-104
116,-114,-106,-102,-109,-101,-103,-99,-104,-104,-102,-104
114,-113,-107,-101,-109,-101,-103,-99,-105,-104,-101,-104
114,-112,-108,-100,-109,-101,-103,-99,-105,-104,-101,-104
113,-112,-108,-99,-108,-100,-103,-99,-105,-105,-101,-103
109,-111,-109,-100,-108,-99,-103,-100,-106,-105,-102,-103
104,-109,-108,-99,-108,-99,-102,-101,-106,-104,-101,-102
97,-107,-108,-98,-108,-99,-102,-101,-106,-104,-101,-102
91,-108,-106,-98,-107,-99,-102,-100,-105,-105,-101,-101
87,-109,-104,-99,-107,-98,-102,-100,-104,-104,-102,-102
86,-110,-104,-98,-106,-97,-100,-101,-105,-103,-101,-101
83,-111,-105,-98,-105,-97,-99,-101,-105,-102,-101,-102
85,-112,-104,-98,-106,-98,-99,-101,-105,-104,-101,-101
88,-110,-104,-98,-104,-98,-101,-102,-104,-104,-99,-100
86,-108,-104,-101,-104,-97,-102,-103,-103,-102,-101,-102
88,-106,-104,-101,-105,-97,-101,-103,-105,-104,-100,-103
90,-107,-105,-101,-106,-97,-100,-103,-105,-104,-100,-104
103,-112,-107,-100,-106,-96,-99,-102,-104,-105,-100,-103
113,-116,-107,-101,-105,-98,-99,-102,-104,-104,-101,-103
119,-118,-107,-102,-105,-98,-99,-102,-105,-104,-101,-103
122,-119,-106,-103,-105,-99,-99,-102,-105,-104,-101,-103
119,-120,-105,-104,-106,-98,-99,-101,-105,-103,-101,-103
117,-121,-104,-104,-106,-98,-99,-101,-106,-103,-102,-103
117,-122,-104,-104,-107,-98,-100,-102,-107,-103,-103,-103
119,-122,-103,-103,-106,-98,-100,-102,-106,-102,-103,-102
117,-122,-103,-103,-106,-97,-100,-102,-107,-103,-104,-103
117,-122,-102,-103,-106,-97,-101,-101,-107,-102,-103,-103
115,-121,-101,-103,-106,-98,-101,-101,-107,-101,-103,-102
112,-121,-102,-103,-105,-98,-100,-100,-107,-101,-103,-102
112,-119,-102,-103,-106,-99,-101,-100,-107,-101,-103,-103
112,-119,-102,-103,-105,-100,-101,-101,-107,-101,-103,-103
109,-118,-102,-102,-104,-100,-100,-101,-108,-102,-103,-103
107,-116,-103,-102,-104,-101,-101,-100,-107,-100,-103,-104
104,-115,-103,-102,-103,-101,-100,-100,-108,-100,-103,-104
101,-113,-103,-101,-102,-102,-99,-100,-108,-101,-104,-104
92,-110,-102,-99,-103,-103,-100,-102,-107,-102,-103,-103
85,-108,-102,-97,-104,-103,-101,-102,-105,-103,-101,-103
79,-108,-101,-94,-103,-102,-103,-103,-104,-104,-101,-104
76,-108,-99,-95,-104,-102,-102,-103,-104,-104,-101,-104
74,-107,-98,-95,-105,-103,-104,-104,-103,-104,-100,-104
71,-105,-98,-96,-104,-103,-105,-104,-103,-103,-99,-103
68,-104,-97,-98,-101,-103,-105,-105,-104,-103,-100,-103
66,-105,-98,-99,-99,-102,-104,-106,-105,-103,-101,-103
64,-105,-99,-100,-101,-103,-102,-104,-104,-102,-101,-103
62,-108,-101,-101,-100,-104,-103,-104,-103,-102,-101,-102
62,-114,-102,-104,-101,-104,-104,-102,-101,-102,-102,-102
64,-116,-102,-103,-102,-104,-104,-102,-101,-104,-101,-103
62,-117,-100,-102,-104,-103,-104,-103,-101,-101,-100,-102
62,-117,-101,-104,-103,-104,-103,-103,-101,-101,-101,-103
63,-118,-101,-104,-102,-103,-102,-103,-100,-102,-101,-104
63,-118,-101,-105,-101,-103,-103,-103,-99,-103,-102,-104
63,-116,-99,-105,-103,-103,-104,-103,-97,-101,-102,-103
62,-119,-99,-104,-103,-105,-103,-103,-98,-102,-102,-101
61,-120,-100,-104,-101,-105,-101,-103,-101,-102,-100,-102
63,-120,-99,-104,-100,-105,-103,-104,-102,-101,-100,-102
63,-116,-98,-104,-100,-106,-104,-104,-102,-101,-102,-103
59,-117,-97,-104,-102,-106,-104,-101,-101,-101,-102,-103
59,-117,-97,-104,-101,-106,-103,-101,-102,-101,-99,-102
59,-115,-98,-104,-100,-106,-102,-101,-101,-101,-99,-102
56,-114,-98,-104,-102,-105,-103,-102,-100,-102,-99,-104
51,-112,-99,-103,-103,-107,-105,-102,-100,-104,-99,-102
48,-110,-101,-102,-103,-108,-105,-102,-100,-104,-101,-103
45,-109,-101,-101,-102,-105,-107,-102,-100,-102,-103,-104
46,-111,-102,-102,-102,-105,-106,-103,-100,-102,-103,-103
46,-111,-103,-103,-103,-106,-106,-103,-100,-102,-103,-103
45,-109,-104,-103,-104,-105,-106,-103,-101,-101,-103,-102
45,-111,-103,-104,-104,-104,-105,-101,-101,-103,-102,-100
45,-113,-103,-103,-105,-104,-104,-102,-101,-104,-101,-100
44,-113,-103,-104,-104,-105,-105,-104,-101,-103,-102,-102
47,-112,-102,-104,-103,-106,-106,-102,-101,-102,-101,-101
52,-113,-102,-103,-102,-105,-105,-101,-102,-102,-102,-102
51,-113,-102,-103,-102,-104,-104,-100,-101,-102,-102,-102
51,-114,-102,-103,-104,-104,-103,-101,-101,-102,-100,-103
51,-114,-103,-103,-103,-103,-102,-101,-102,-101,-100,-103
52,-114,-104,-103,-102,-102,-103,-103,-103,-101,-99,-102
54,-115,-103,-104,-103,-102,-102,-101,-102,-101,-100,-104
57,-115,-102,-103,-104,-102,-103,-101,-101,-99,-101,-105
58,-115,-102,-102,-105,-104,-103,-102,-101,-100,-99,-102
56,-115,-103,-101,-104,-104,-103,-102,-100,-100,-100,-103
56,-115,-103,-102,-104,-103,-104,-102,-101,-100,-98,-101
58,-115,-103,-101,-102,-102,-104,-102,-102,-101,-99,-102
58,-116,-104,-101,-103,-103,-104,-102,-102,-101,-100,-100
56,-117,-105,-102,-104,-103,-104,-102,-104,-102,-98,-100
56,-116,-104,-103,-104,-102,-104,-100,-103,-103,-101,-102
60,-114,-104,-103,-103,-101,-105,-101,-102,-102,-99,-102
58,-115,-105,-103,-102,-101,-104,-101,-103,-103,-98,-103
57,-113,-105,-103,-102,-102,-103,-101,-103,-102,-100,-102
57,-114,-106,-103,-103,-103,-103,-99,-102,-101,-99,-100
59,-114,-106,-102,-100,-102,-104,-101,-102,-100,-98,-102
61,-112,-106,-102,-102,-102,-103,-101,-101,-101,-98,-102
61,-111,-104,-101,-104,-103,-102,-101,-103,-102,-98,-102
58,-112,-104,-104,-103,-103,-103,-101,-102,-102,-100,-102
58,-112,-104,-102,-102,-103,-104,-101,-101,-102,-100,-102
60,-113,-105,-102,-102,-104,-103,-101,-101,-102,-99,-102
60,-113,-108,-103,-102,-104,-104,-101,-100,-101,-98,-104
63,-109,-105,-101,-101,-103,-103,-103,-102,-102,-99,-104
63,-109,-105,-100,-102,-102,-104,-104,-102,-102,-99,-103
63,-109,-105,-101,-105,-103,-104,-103,-101,-102,-98,-103
62,-109,-107,-103,-104,-106,-104,-101,-103,-102,-97,-100
59,-109,-107,-102,-101,-105,-104,-101,-101,-101,-98,-100
59,-109,-106,-102,-103,-104,-104,-101,-102,-103,-99,-101
60,-108,-106,-103,-103,-103,-104,-103,-102,-101,-97,-102
58,-107,-107,-104,-101,-102,-104,-103,-102,-102,-97,-102
57,-110,-107,-105,-99,-101,-104,-102,-102,-102,-100,-103
59,-110,-108,-105,-101,-100,-104,-101,-101,-103,-100,-103
60,-107,-108,-106,-102,-102,-105,-102,-102,-103,-98,-101
58,-106,-107,-106,-101,-101,-106,-102,-102,-102,-99,-100
54,-107,-107,-105,-101,-101,-105,-104,-101,-102,-99,-100
49,-107,-109,-105,-101,-102,-104,-103,-100,-99,-98,-100
48,-107,-109,-105,-102,-101,-105,-103,-100,-99,-99,-101
48,-107,-107,-103,-102,-102,-105,-105,-100,-99,-99,-100
50,-107,-107,-102,-102,-104,-103,-102,-100,-100,-100,-101
51,-108,-108,-102,-102,-104,-103,-98,-99,-100,-101,-102
56,-107,-107,-102,-103,-105,-106,-101,-101,-101,-99,-102
58,-107,-107,-101,-102,-105,-107,-104,-104,-100,-99,-103
59,-107,-107,-102,-104,-105,-105,-104,-104,-100,-99,-102
62,-106,-108,-103,-103,-102,-103,-104,-104,-101,-101,-104
68,-105,-107,-104,-101,-100,-102,-104,-105,-102,-102,-104
80,-102,-105,-110,-99,-97,-101,-104,-106,-103,-102,-104
87,-102,-106,-112,-98,-97,-102,-104,-104,-103,-103,-103
100,-104,-109,-112,-97,-99,-103,-104,-104,-102,-104,-103
109,-106,-109,-112,-97,-99,-103,-105,-104,-102,-104,-103
109,-105,-111,-111,-97,-99,-102,-105,-104,-102,-105,-103
112,-108,-109,-111,-97,-101,-102,-105,-104,-103,-105,-104
114,-109,-108,-109,-98,-102,-103,-105,-104,-103,-104,-103
114,-109,-108,-108,-98,-102,-103,-104,-103,-104,-104,-103
113,-109,-107,-107,-99,-103,-103,-104,-103,-104,-104,-104
110,-109,-107,-105,-100,-103,-104,-104,-103,-105,-104,-104
103,-109,-105,-101,-101,-103,-105,-105,-103,-105,-103,-103
96,-110,-102,-95,-102,-104,-108,-105,-104,-105,-102,-102
89,-110,-102,-92,-102,-104,-108,-103,-103,-106,-102,-102
90,-109,-102,-94,-105,-105,-108,-103,-103,-106,-101,-102
88,-107,-101,-94,-104,-104,-107,-103,-104,-106,-100,-102
85,-106,-101,-94,-105,-104,-108,-103,-103,-106,-100,-103
83,-106,-101,-94,-105,-103,-108,-104,-103,-106,-99,-102
81,-106,-100,-95,-104,-103,-109,-105,-103,-105,-100,-103
84,-108,-98,-97,-102,-105,-109,-105,-103,-105,-99,-104
91,-108,-99,-100,-103,-107,-107,-103,-104,-105,-98,-104
100,-109,-101,-102,-104,-107,-105,-103,-104,-104,-98,-106
110,-111,-102,-103,-106,-107,-105,-102,-104,-103,-99,-106
117,-113,-101,-104,-107,-107,-104,-102,-103,-103,-99,-106
120,-115,-102,-105,-108,-107,-103,-102,-103,-104,-99,-107
123,-116,-102,-105,-108,-107,-102,-102,-103,-104,-100,-107
124,-117,-102,-105,-108,-106,-102,-102,-102,-104,-100,-106
125,-117,-103,-105,-107,-105,-102,-102,-102,-104,-100,-106
126,-116,-105,-106,-107,-105,-101,-102,-102,-105,-100,-105
127,-116,-106,-106,-107,-104,-101,-101,-103,-106,-100,-104
126,-115,-107,-106,-106,-104,-100,-101,-103,-107,-101,-103
125,-115,-108,-106,-105,-104,-101,-101,-103,-107,-101,-102
125,-114,-110,-106,-104,-103,-101,-102,-103,-108,-102,-101
125,-114,-111,-106,-103,-102,-101,-103,-102,-109,-102,-100
124,-115,-112,-107,-103,-101,-101,-103,-102,-109,-102,-99
125,-115,-112,-107,-102,-101,-101,-104,-102,-108,-103,-99
125,-115,-112,-107,-101,-101,-101,-104,-101,-108,-103,-99
125,-115,-113,-107,-101,-101,-102,-104,-101,-108,-103,-98
125,-114,-113,-107,-101,-100,-102,-105,-101,-108,-104,-98
126,-114,-113,-107,-101,-100,-101,-105,-101,-107,-104,-98
126,-113,-113,-107,-102,-100,-102,-105,-101,-107,-104,-98
126,-114,-114,-107,-102,-101,-101,-105,-102,-107,-105,-97
126,-112,-114,-107,-102,-101,-102,-105,-102,-106,-104,-97
126,-113,-114,-106,-102,-101,-102,-105,-103,-106,-105,-97
126,-112,-115,-106,-102,-101,-102,-104,-103,-105,-105,-98
126,-112,-116,-105,-102,-102,-102,-104,-103,-104,-105,-98
125,-112,-116,-105,-102,-102,-102,-103,-103,-104,-106,-99
124,-112,-116,-104,-102,-102,-101,-102,-103,-104,-106,-100
122,-112,-116,-104,-102,-103,-101,-102,-103,-104,-106,-100
121,-110,-116,-104,-102,-103,-102,-102,-104,-103,-107,-100
118,-109,-116,-104,-102,-102,-102,-102,-104,-104,-107,-101
115,-107,-116,-104,-102,-102,-102,-103,-104,-103,-106,-102
109,-107,-115,-104,-101,-101,-102,-103,-104,-102,-106,-103
105,-106,-112,-104,-101,-102,-103,-104,-104,-101,-105,-103
97,-106,-110,-102,-101,-103,-104,-104,-105,-101,-104,-104
93,-107,-109,-100,-101,-103,-105,-104,-104,-102,-103,-103
92,-107,-108,-100,-101,-103,-105,-103,-104,-103,-104,-103
93,-107,-108,-100,-102,-102,-106,-101,-104,-104,-105,-102
97,-109,-107,-102,-102,-102,-106,-100,-105,-105,-104,-102
100,-110,-104,-104,-101,-103,-107,-101,-106,-105,-103,-102
99,-111,-103,-105,-100,-104,-107,-100,-105,-104,-102,-103
91,-111,-102,-105,-99,-103,-106,-101,-105,-104,-101,-102
79,-109,-101,-103,-99,-103,-103,-101,-105,-105,-102,-104
71,-109,-99,-106,-98,-104,-101,-103,-104,-106,-102,-104
69,-112,-99,-108,-99,-104,-101,-103,-101,-105,-102,-104
63,-116,-100,-107,-98,-103,-99,-102,-100,-105,-102,-102
62,-117,-102,-106,-99,-106,-101,-103,-101,-103,-100,-101
63,-117,-101,-107,-101,-106,-102,-102,-100,-102,-101,-102
66,-117,-100,-108,-101,-105,-101,-103,-101,-103,-103,-102
64,-118,-102,-108,-102,-103,-101,-103,-100,-103,-101,-100
61,-117,-103,-105,-102,-104,-101,-102,-100,-103,-100,-101
56,-115,-103,-104,-100,-105,-102,-102,-101,-103,-101,-101
54,-113,-105,-105,-101,-105,-103,-101,-102,-103,-100,-101
53,-113,-106,-106,-102,-104,-104,-102,-102,-102,-101,-101
53,-112,-107,-105,-104,-103,-103,-100,-100,-101,-102,-102
54,-111,-106,-106,-103,-102,-101,-100,-101,-102,-102,-102
56,-107,-103,-106,-101,-101,-101,-100,-104,-103,-100,-102
61,-105,-99,-103,-102,-102,-102,-102,-104,-104,-101,-102
68,-107,-97,-103,-102,-103,-102,-103,-103,-105,-102,-102
73,-112,-96,-101,-104,-104,-104,-106,-103,-105,-102,-102
82,-113,-93,-101,-105,-102,-104,-107,-102,-104,-103,-102
90,-116,-92,-102,-106,-103,-105,-108,-102,-103,-103,-102
95,-117,-91,-100,-106,-102,-105,-109,-103,-103,-102,-102
100,-117,-92,-99,-108,-103,-104,-110,-104,-103,-100,-102
104,-117,-93,-99,-108,-105,-104,-109,-103,-103,-99,-103
107,-115,-95,-99,-108,-106,-103,-108,-103,-103,-99,-103
108,-114,-98,-100,-107,-108,-103,-106,-103,-105,-98,-104
110,-114,-99,-101,-107,-108,-104,-106,-102,-105,-98,-104
112,-112,-100,-101,-106,-107,-104,-105,-102,-105,-97,-103
114,-113,-101,-102,-107,-107,-104,-104,-102,-104,-98,-103
115,-112,-102,-102,-107,-107,-104,-103,-102,-104,-99,-102
118,-114,-103,-102,-108,-106,-103,-102,-103,-104,-100,-103
117,-114,-103,-101,-109,-105,-103,-102,-103,-103,-100,-103
115,-115,-103,-99,-110,-104,-104,-102,-104,-102,-100,-104
112,-115,-103,-99,-110,-103,-104,-103,-104,-103,-100,-104
109,-115,-103,-98,-110,-101,-103,-103,-104,-103,-101,-105
108,-115,-102,-97,-111,-100,-103,-103,-105,-103,-101,-106
109,-116,-100,-99,-110,-100,-103,-104,-105,-102,-102,-106
109,-116,-99,-100,-110,-101,-103,-104,-105,-102,-103,-105
108,-116,-97,-102,-109,-100,-103,-105,-104,-102,-103,-105
104,-116,-96,-103,-108,-100,-103,-106,-104,-103,-104,-105
98,-116,-94,-103,-106,-99,-104,-106,-102,-104,-104,-104
91,-113,-94,-102,-104,-100,-105,-106,-102,-105,-103,-103
81,-110,-97,-99,-102,-101,-105,-106,-103,-106,-102,-103
77,-104,-100,-95,-105,-100,-106,-106,-101,-106,-101,-104
75,-104,-100,-95,-105,-100,-106,-107,-102,-106,-101,-104
74,-103,-99,-96,-106,-101,-106,-106,-100,-105,-100,-104
73,-102,-99,-97,-106,-102,-106,-106,-100,-105,-100,-103
81,-109,-98,-96,-104,-104,-104,-107,-101,-103,-102,-104
89,-112,-98,-97,-106,-105,-105,-108,-100,-103,-102,-104
92,-112,-96,-98,-108,-103,-102,-107,-102,-104,-100,-105
98,-112,-99,-99,-109,-103,-103,-105,-101,-104,-100,-105
103,-112,-99,-100,-109,-104,-103,-104,-101,-104,-99,-105
106,-112,-100,-101,-108,-104,-103,-104,-102,-104,-99,-106
107,-111,-102,-101,-107,-104,-103,-103,-101,-105,-99,-105
102,-110,-102,-101,-106,-104,-104,-103,-101,-105,-98,-105
90,-106,-103,-102,-105,-102,-106,-105,-100,-106,-99,-103
66,-103,-100,-99,-103,-101,-106,-105,-100,-105,-100,-102
49,-102,-97,-99,-101,-102,-106,-105,-102,-103,-102,-101
47,-103,-97,-99,-102,-104,-105,-104,-102,-102,-100,-100
43,-108,-100,-99,-102,-105,-104,-100,-99,-102,-99,-101
41,-106,-100,-101,-103,-104,-103,-101,-100,-101,-100,-103
38,-107,-100,-101,-103,-105,-103,-102,-100,-99,-101,-104
37,-107,-101,-102,-103,-105,-103,-101,-99,-99,-100,-103
36,-108,-101,-102,-103,-107,-104,-102,-100,-101,-101,-103
43,-108,-101,-101,-102,-104,-104,-102,-99,-102,-102,-103
50,-108,-101,-99,-102,-102,-103,-100,-99,-104,-100,-102
55,-104,-97,-96,-103,-102,-103,-101,-99,-104,-100,-100
72,-102,-98,-98,-106,-101,-104,-102,-101,-103,-98,-101
88,-106,-100,-97,-105,-101,-106,-101,-102,-104,-96,-103
95,-109,-101,-98,-106,-102,-107,-102,-102,-105,-96,-103
93,-110,-101,-100,-105,-105,-107,-103,-103,-106,-97,-104
92,-111,-99,-100,-104,-105,-105,-103,-102,-105,-96,-104
97,-112,-100,-101,-105,-106,-103,-103,-102,-104,-97,-105
104,-114,-102,-102,-108,-105,-102,-103,-102,-103,-98,-107
108,-116,-101,-102,-109,-103,-101,-103,-102,-102,-100,-106
107,-116,-101,-102,-110,-102,-101,-103,-101,-102,-100,-106
107,-116,-100,-103,-110,-102,-102,-103,-101,-102,-101,-105
106,-117,-99,-103,-110,-102,-102,-103,-101,-102,-101,-104
106,-117,-98,-102,-110,-102,-103,-103,-100,-102,-101,-104
106,-118,-98,-102,-110,-101,-103,-104,-100,-102,-101,-103
105,-118,-96,-102,-110,-101,-104,-104,-100,-102,-100,-102
103,-117,-95,-103,-110,-101,-105,-104,-101,-102,-100,-101
102,-118,-94,-103,-111,-101,-105,-105,-101,-102,-100,-101
101,-118,-93,-103,-110,-100,-106,-105,-101,-103,-100,-101
97,-118,-91,-103,-110,-101,-106,-105,-100,-102,-100,-101
94,-118,-89,-103,-110,-100,-107,-106,-101,-103,-99,-100
91,-117,-89,-103,-109,-101,-107,-105,-102,-103,-100,-101
87,-116,-88,-102,-108,-101,-107,-106,-102,-103,-99,-101
83,-115,-88,-101,-108,-101,-108,-106,-101,-103,-99,-101
74,-111,-91,-99,-108,-100,-109,-107,-102,-103,-98,-101
68,-109,-91,-100,-107,-101,-108,-105,-102,-104,-100,-101
67,-109,-90,-101,-106,-103,-108,-103,-102,-103,-100,-101
67,-109,-89,-101,-107,-104,-109,-103,-101,-102,-100,-102
58,-107,-94,-102,-105,-103,-108,-103,-101,-102,-101,-101
64,-106,-93,-105,-104,-103,-106,-106,-102,-103,-101,-101
63,-107,-94,-104,-107,-104,-105,-106,-101,-103,-100,-101
55,-109,-96,-100,-108,-103,-102,-104,-100,-102,-100,-102
55,-106,-97,-98,-107,-103,-103,-104,-101,-102,-100,-105
47,-106,-99,-99,-104,-104,-103,-102,-102,-102,-100,-104
47,-107,-100,-102,-103,-103,-101,-100,-102,-102,-101,-102
47,-107,-101,-102,-103,-104,-101,-100,-103,-102,-103,-102
46,-106,-101,-102,-103,-104,-101,-101,-101,-100,-103,-102
44,-108,-101,-103,-104,-104,-102,-101,-100,-100,-102,-102
44,-108,-100,-103,-102,-103,-101,-101,-101,-101,-101,-101
44,-109,-100,-103,-104,-104,-101,-101,-102,-103,-100,-101
43,-110,-101,-101,-103,-104,-102,-102,-103,-104,-102,-101
43,-109,-103,-102,-102,-104,-102,-100,-102,-103,-103,-101
43,-108,-103,-103,-101,-103,-101,-100,-101,-103,-104,-100
43,-108,-101,-104,-103,-105,-101,-100,-102,-102,-102,-99
42,-109,-103,-105,-104,-104,-102,-101,-102,-100,-100,-101
41,-108,-104,-103,-104,-105,-102,-102,-101,-99,-101,-102
41,-108,-103,-104,-103,-105,-102,-102,-101,-101,-102,-100
41,-109,-101,-103,-103,-105,-105,-100,-102,-100,-100,-101
40,-109,-100,-103,-105,-106,-104,-100,-102,-101,-100,-101
39,-110,-101,-101,-105,-107,-102,-101,-102,-103,-102,-100
40,-111,-103,-103,-105,-105,-102,-102,-102,-102,-101,-99
42,-111,-102,-102,-104,-104,-103,-102,-101,-102,-99,-101
38,-112,-101,-100,-103,-102,-103,-102,-99,-102,-101,-103
39,-109,-101,-103,-103,-104,-103,-104,-101,-102,-100,-102
42,-111,-100,-104,-104,-104,-104,-105,-100,-103,-99,-100
40,-110,-100,-103,-104,-105,-104,-104,-100,-102,-101,-102
39,-109,-102,-102,-103,-104,-103,-104,-102,-103,-103,-100
36,-110,-100,-101,-103,-103,-102,-104,-102,-102,-101,-100
37,-111,-100,-102,-105,-103,-102,-104,-101,-101,-101,-99
42,-110,-102,-102,-106,-103,-102,-102,-101,-101,-101,-102
40,-110,-103,-102,-104,-104,-102,-99,-101,-101,-102,-103
38,-111,-104,-104,-105,-105,-103,-100,-101,-99,-102,-102
34,-112,-104,-104,-104,-105,-104,-102,-102,-100,-101,-100
36,-110,-103,-103,-104,-103,-105,-104,-102,-101,-101,-100
40,-108,-103,-101,-104,-102,-104,-104,-100,-101,-103,-101
38,-106,-102,-99,-102,-104,-101,-101,-99,-100,-103,-100
40,-107,-101,-100,-101,-102,-101,-99,-100,-101,-102,-100
41,-108,-100,-101,-103,-103,-102,-101,-101,-102,-100,-99
40,-109,-101,-99,-102,-101,-103,-102,-102,-102,-101,-99
40,-111,-100,-101,-102,-103,-103,-103,-103,-104,-104,-103
44,-111,-98,-103,-102,-106,-103,-104,-101,-103,-100,-101
51,-112,-100,-105,-104,-103,-102,-103,-100,-99,-99,-100
59,-113,-100,-105,-105,-100,-103,-104,-100,-101,-101,-101
56,-114,-100,-103,-106,-103,-102,-105,-100,-102,-101,-101
52,-116,-98,-101,-106,-104,-101,-103,-101,-102,-102,-101
53,-117,-99,-102,-105,-100,-99,-101,-100,-100,-101,-101
57,-118,-100,-102,-106,-101,-100,-101,-100,-100,-102,-100
61,-118,-100,-103,-107,-104,-102,-101,-101,-100,-103,-101
61,-117,-102,-105,-108,-103,-103,-104,-103,-101,-102,-102
60,-117,-103,-104,-105,-102,-103,-105,-103,-102,-100,-102
59,-118,-104,-103,-104,-103,-104,-104,-102,-101,-101,-101
59,-117,-102,-102,-105,-103,-104,-105,-103,-102,-101,-101
56,-117,-102,-100,-104,-103,-103,-105,-103,-101,-101,-101
55,-118,-101,-101,-106,-102,-101,-103,-102,-101,-100,-102
54,-116,-100,-101,-105,-102,-102,-102,-101,-100,-99,-103
54,-117,-100,-99,-104,-103,-103,-103,-101,-102,-100,-102
52,-117,-100,-101,-104,-102,-103,-103,-102,-103,-100,-103
50,-118,-101,-101,-104,-103,-102,-103,-101,-104,-102,-103
49,-120,-100,-99,-105,-103,-103,-104,-102,-103,-100,-101
51,-118,-100,-99,-104,-103,-103,-104,-102,-102,-99,-101
51,-117,-101,-102,-105,-103,-103,-104,-102,-99,-100,-102
51,-116,-101,-101,-105,-104,-104,-104,-100,-99,-99,-102
48,-115,-101,-98,-105,-103,-102,-102,-100,-102,-100,-101
49,-116,-103,-101,-106,-102,-100,-101,-102,-101,-100,-102
48,-114,-103,-101,-106,-103,-101,-103,-102,-101,-101,-103
47,-112,-103,-101,-105,-104,-103,-104,-101,-100,-100,-102
46,-112,-100,-101,-106,-105,-103,-104,-101,-99,-100,-102
46,-113,-100,-99,-107,-106,-104,-102,-102,-100,-99,-102
44,-114,-103,-100,-107,-106,-104,-101,-102,-101,-100,-101
43,-112,-103,-100,-106,-104,-104,-102,-102,-102,-100,-101
44,-112,-101,-100,-105,-103,-105,-103,-99,-101,-101,-103
46,-111,-101,-101,-105,-102,-101,-103,-102,-101,-101,-103
47,-111,-103,-99,-105,-102,-101,-102,-104,-102,-101,-103
47,-111,-104,-103,-106,-104,-103,-102,-103,-102,-102,-102
47,-109,-103,-103,-105,-104,-102,-100,-101,-101,-100,-102
44,-108,-103,-102,-105,-103,-102,-101,-102,-101,-101,-102
42,-108,-102,-103,-106,-102,-101,-101,-102,-103,-101,-103
43,-110,-101,-101,-106,-104,-102,-99,-100,-102,-102,-102
41,-112,-100,-99,-105,-105,-102,-99,-100,-101,-101,-102
40,-110,-102,-102,-104,-103,-101,-100,-103,-102,-100,-102
41,-110,-103,-102,-103,-103,-102,-102,-104,-103,-101,-102
41,-108,-103,-101,-104,-104,-102,-100,-103,-102,-102,-104
42,-107,-102,-101,-105,-104,-102,-102,-102,-102,-101,-103
44,-108,-101,-103,-105,-105,-102,-103,-102,-103,-100,-103
46,-110,-102,-102,-104,-104,-102,-103,-102,-102,-98,-103
45,-112,-103,-102,-103,-104,-103,-101,-101,-101,-99,-102
48,-113,-102,-102,-103,-105,-103,-101,-100,-102,-100,-103
49,-115,-102,-102,-105,-104,-102,-102,-101,-103,-100,-102
48,-118,-102,-102,-104,-104,-103,-102,-102,-102,-98,-100
49,-115,-101,-102,-103,-104,-103,-102,-103,-101,-99,-101
48,-114,-101,-103,-103,-104,-103,-103,-102,-102,-100,-101
46,-116,-102,-105,-103,-104,-104,-105,-102,-101,-100,-100
47,-115,-101,-104,-103,-103,-105,-104,-102,-102,-102,-100
47,-114,-101,-104,-102,-102,-103,-102,-103,-104,-100,-101
49,-112,-100,-103,-102,-103,-102,-101,-104,-104,-99,-100
46,-113,-101,-103,-102,-104,-102,-102,-104,-105,-101,-101
48,-114,-101,-102,-104,-103,-103,-100,-101,-106,-102,-101
48,-113,-101,-103,-105,-105,-104,-101,-101,-104,-101,-100
45,-112,-102,-104,-104,-103,-102,-102,-103,-104,-102,-100
42,-114,-103,-104,-103,-103,-101,-103,-103,-102,-100,-100
45,-112,-101,-104,-104,-105,-103,-103,-101,-102,-101,-102
47,-109,-101,-104,-104,-103,-103,-104,-103,-101,-100,-102
47,-111,-102,-105,-105,-103,-103,-104,-103,-102,-100,-102
47,-111,-102,-105,-103,-104,-104,-102,-103,-102,-101,-103
44,-110,-102,-103,-103,-103,-103,-101,-104,-102,-103,-104
44,-110,-103,-102,-104,-104,-104,-103,-104,-103,-102,-103
45,-109,-102,-102,-104,-105,-103,-102,-101,-102,-102,-103
44,-109,-103,-104,-103,-104,-103,-101,-100,-101,-102,-101
41,-110,-102,-104,-105,-103,-102,-102,-101,-102,-101,-99
42,-110,-102,-102,-104,-103,-103,-103,-103,-104,-101,-101
45,-109,-101,-104,-103,-104,-104,-104,-102,-103,-102,-101
44,-110,-101,-103,-104,-105,-104,-103,-103,-102,-102,-101
42,-112,-103,-104,-104,-106,-105,-102,-103,-102,-102,-99
45,-110,-102,-105,-103,-105,-106,-103,-103,-103,-101,-99
50,-113,-101,-105,-101,-104,-104,-101,-103,-103,-100,-101
48,-111,-101,-105,-102,-106,-104,-100,-103,-104,-102,-102
43,-109,-101,-105,-105,-104,-103,-99,-103,-104,-104,-101
40,-109,-102,-104,-105,-104,-102,-100,-101,-102,-104,-102
40,-109,-103,-104,-105,-105,-103,-102,-101,-102,-102,-103
39,-111,-104,-104,-104,-105,-103,-103,-101,-102,-100,-102
39,-111,-101,-102,-102,-104,-103,-104,-103,-103,-101,-99
41,-108,-102,-102,-102,-104,-105,-103,-103,-102,-100,-100
39,-108,-101,-104,-104,-105,-105,-104,-103,-100,-100,-100
37,-109,-101,-103,-105,-103,-103,-105,-102,-100,-102,-101
38,-109,-101,-102,-103,-102,-103,-103,-103,-101,-101,-101
38,-110,-101,-101,-105,-104,-105,-102,-102,-101,-101,-102
40,-111,-100,-102,-104,-106,-104,-101,-100,-102,-102,-103
38,-111,-100,-104,-103,-107,-105,-101,-102,-102,-101,-101
36,-110,-102,-103,-104,-108,-104,-101,-101,-102,-102,-101
39,-110,-102,-102,-102,-103,-103,-102,-101,-103,-104,-103
41,-110,-102,-102,-103,-104,-106,-103,-101,-102,-102,-102
42,-111,-102,-102,-104,-105,-105,-102,-102,-101,-100,-100
43,-107,-101,-102,-104,-104,-103,-102,-103,-103,-102,-101
44,-107,-103,-102,-104,-106,-103,-101,-102,-103,-101,-100
45,-109,-102,-103,-105,-105,-102,-100,-102,-101,-101,-99
46,-109,-102,-103,-105,-103,-102,-102,-102,-102,-103,-100
44,-111,-103,-105,-106,-103,-102,-102,-101,-102,-104,-101
42,-112,-104,-104,-105,-102,-101,-100,-100,-100,-103,-103
45,-109,-103,-104,-105,-104,-102,-101,-103,-102,-103,-104
46,-109,-101,-105,-106,-104,-102,-102,-102,-102,-102,-103
44,-111,-103,-105,-106,-103,-99,-102,-102,-103,-102,-101
43,-114,-104,-106,-106,-104,-101,-103,-103,-104,-102,-100
46,-114,-102,-106,-105,-103,-103,-104,-103,-104,-101,-102
50,-116,-103,-105,-105,-103,-102,-102,-100,-102,-101,-103
57,-116,-102,-103,-104,-102,-101,-103,-101,-103,-101,-103
67,-116,-103,-103,-103,-101,-99,-103,-104,-104,-101,-103
80,-110,-100,-102,-105,-105,-103,-103,-103,-104,-100,-103
97,-106,-101,-101,-102,-105,-105,-103,-100,-105,-98,-102
108,-107,-102,-101,-102,-106,-106,-104,-99,-105,-97,-101
113,-111,-102,-102,-101,-106,-106,-104,-99,-105,-98,-99
114,-112,-101,-102,-102,-106,-107,-104,-100,-105,-99,-98
112,-111,-102,-101,-103,-105,-109,-105,-100,-104,-100,-99
101,-108,-107,-99,-102,-104,-109,-104,-100,-104,-100,-101
97,-104,-110,-98,-102,-104,-108,-107,-102,-103,-100,-103
99,-104,-108,-100,-104,-103,-108,-108,-101,-102,-102,-104
100,-103,-106,-102,-105,-101,-108,-109,-102,-101,-102,-103
99,-103,-104,-105,-105,-100,-108,-109,-102,-101,-103,-102
97,-104,-103,-107,-104,-100,-107,-110,-103,-102,-102,-100
96,-103,-101,-109,-105,-100,-106,-109,-103,-103,-102,-100
93,-102,-100,-110,-105,-100,-106,-110,-102,-103,-102,-100
93,-101,-100,-111,-104,-101,-105,-110,-102,-102,-102,-100
94,-102,-100,-110,-103,-101,-105,-110,-102,-102,-102,-99
95,-103,-100,-110,-104,-101,-105,-110,-103,-103,-101,-101
98,-105,-101,-110,-104,-101,-106,-110,-102,-102,-102,-102
101,-107,-102,-109,-103,-101,-108,-110,-101,-102,-102,-102
104,-108,-102,-108,-102,-101,-109,-109,-100,-102,-103,-102
